id,name,symbol,description,website,telegram_1,telegram_2,discord,twitter,reddit,telegram_1_name,telegram_1_is_group,telegram_2_name,telegram_2_is_group,tg admin 1 name,tg admin 1 username,tg admin 1 contact url,tg admin 1 status,tg admin 2 name,tg admin 2 username,tg admin 2 contact url,tg admin 2 status,tg admin 3 name,tg admin 3 username,tg admin 3 contact url,tg admin 3 status,tg admin 4 name,tg admin 4 username,tg admin 4 contact url,tg admin 4 status,tg admin 5 name,tg admin 5 username,tg admin 5 contact url,tg admin 5 status,tg admin 6 name,tg admin 6 username,tg admin 6 contact url,tg admin 6 status,tg admin 7 name,tg admin 7 username,tg admin 7 contact url,tg admin 7 status,tg admin 8 name,tg admin 8 username,tg admin 8 contact url,tg admin 8 status,tg admin 9 name,tg admin 9 username,tg admin 9 contact url,tg admin 9 status,tg admin 10 name,tg admin 10 username,tg admin 10 contact url,tg admin 10 status,tg admin 11 name,tg admin 11 username,tg admin 11 contact url,tg admin 11 status,tg admin 12 name,tg admin 12 username,tg admin 12 contact url,tg admin 12 status,tg admin 13 name,tg admin 13 username,tg admin 13 contact url,tg admin 13 status,tg admin 14 name,tg admin 14 username,tg admin 14 contact url,tg admin 14 status,tg admin 15 name,tg admin 15 username,tg admin 15 contact url,tg admin 15 status,tg admin 16 name,tg admin 16 username,tg admin 16 contact url,tg admin 16 status,tg admin 17 name,tg admin 17 username,tg admin 17 contact url,tg admin 17 status,tg admin 18 name,tg admin 18 username,tg admin 18 contact url,tg admin 18 status,tg admin 19 name,tg admin 19 username,tg admin 19 contact url,tg admin 19 status,tg admin 20 name,tg admin 20 username,tg admin 20 contact url,tg admin 20 status,tg admin 21 name,tg admin 21 username,tg admin 21 contact url,tg admin 21 status,tg admin 22 name,tg admin 22 username,tg admin 22 contact url,tg admin 22 status,tg admin 23 name,tg admin 23 username,tg admin 23 contact url,tg admin 23 status,tg admin 24 name,tg admin 24 username,tg admin 24 contact url,tg admin 24 status,tg admin 25 name,tg admin 25 username,tg admin 25 contact url,tg admin 25 status
10078,Matador Token,MTDR,Matador Token (MTDR) is a cryptocurrency and operates on the Binance Smart Chain platform. Matador Token has a current supply of 0. The last known price of Matador Token is 0.00000001 USD and is down -10.73 over the last 24 hours. It is currently trading on 2 active market(s) with $314.61 traded over the last 24 hours. More information can be found at https://www.matadortoken.com/.,https://www.matadortoken.com/,https://t.me/matadortokenbsc,,,https://twitter.com/1397201384693456903?s=19,,MATADOR $MTDR OFFICIAL,True,,,Hoppycat,hoppytohelp,https://t.me/hoppytohelp,UserStatusRecently(),Cryptology,cryptologyyy,https://t.me/cryptologyyy,UserStatusRecently(),Labour üíµ,Labour,https://t.me/Labour,UserStatusRecently(),Jarr3tt88,Jarr3tt88,https://t.me/Jarr3tt88,UserStatusRecently(),will,lilsqueeg,https://t.me/lilsqueeg,UserStatusRecently(),Rachid Hittini,RachidHittini,https://t.me/RachidHittini,UserStatusRecently(),Nick Land,ALivingMeme,https://t.me/ALivingMeme,UserStatusRecently(),[$MTDR] GHOST MATADOR üêÉ(admins never dm first),ghostmatador,https://t.me/ghostmatador,UserStatusRecently(),Squirrel Master,Squirrel_Master,https://t.me/Squirrel_Master,UserStatusRecently(),Sal F,S_A_L_S_E_E_C_H,https://t.me/S_A_L_S_E_E_C_H,UserStatusRecently(),Danny (Will not DM first),Bookingcrypto,https://t.me/Bookingcrypto,UserStatusRecently(),Michael M (Admin Never DMs First),Matador_Mike,https://t.me/Matador_Mike,UserStatusRecently(),[$MTDR] Nick M,OurGrub,https://t.me/OurGrub,UserStatusRecently(),TaMatador (Will Never DM First),TaMatador,https://t.me/TaMatador,UserStatusRecently(),,,,,,,,,,,,,,,,,,,,,,,,,,,,,,,,,,,,,,,,,,,,
10095,Elk Finance,ELK,Elk Finance (ELK) is a cryptocurrency and operates on the Polygon platform. Elk Finance has a current supply of 0. The last known price of Elk Finance is 1.07630691 USD and is up 0.03 over the last 24 hours. It is currently trading on 1 active market(s) with $55.92 traded over the last 24 hours. More information can be found at https://elk.finance.,https://elk.finance,https://t.me/elk_finance_chat,,https://discord.gg/GhfCMsUvej,https://twitter.com/elk_finance,,Elk Finance Chat,True,,,pyrosquid,hapukoor,https://t.me/hapukoor,UserStatusRecently(),Pedro,voteforpedr0,https://t.me/voteforpedr0,UserStatusRecently(),Roland Rood,RolandRood,https://t.me/RolandRood,UserStatusRecently(),E,xrexy,https://t.me/xrexy,UserStatusRecently(),White Darkseid,LeoDarkseid,https://t.me/LeoDarkseid,UserStatusRecently(),Snake Plissken (Won't DM You First),LtSnakePlissken,https://t.me/LtSnakePlissken,UserStatusRecently(),thefreelancerüíéüôå,thefreelanceguy,https://t.me/thefreelanceguy,UserStatusRecently(),CryptosJC,CryptosJC,https://t.me/CryptosJC,UserStatusLastMonth(),Elektra (Elk.Finance PM),elektra_elk,https://t.me/elektra_elk,UserStatusRecently(),Howitzer (Elk.Finance Lead Dev),awwitzer,https://t.me/awwitzer,UserStatusRecently(),Baal (Elk.Finance Founder),baal314,https://t.me/baal314,UserStatusRecently(),,,,,,,,,,,,,,,,,,,,,,,,,,,,,,,,,,,,,,,,,,,,,,,,,,,,,,,,
10155,Vanity,VANITY,Vanity (VANITY) is a cryptocurrency and operates on the Binance Smart Chain platform. Vanity has a current supply of 0. The last known price of Vanity is 0.000003 USD and is down -57.15 over the last 24 hours. It is currently trading on 2 active market(s) with $37.88 traded over the last 24 hours. More information can be found at https://vanitytoken.net.,https://vanitytoken.net,https://t.me/vanitytokenofficial,,,https://twitter.com/vanitytoken,https://reddit.com/r/VanityTokenOfficial,$VANITY TOKEN ~ OFFICIAL GROUP,True,,,TeeTop |{Wont DM You First},TeeeToop,https://t.me/TeeeToop,UserStatusRecently(),S√©rgio Rebelo,svrebelo,https://t.me/svrebelo,UserStatusRecently(),VERB ~ WONT DM FIRST,DangDudeOfficial,https://t.me/DangDudeOfficial,UserStatusRecently(),Dennis Dark…î,iamdennisdarko,https://t.me/iamdennisdarko,UserStatusRecently(),AzoriusDrake,AzoriusDrake,https://t.me/AzoriusDrake,UserStatusRecently(),Umut (WILL NEVER DM FIRST),umutbhnn,https://t.me/umutbhnn,UserStatusRecently(),Psyco,chrispsyco,https://t.me/chrispsyco,UserStatusRecently(),Dani‚Ñ¢,DaniMBS,https://t.me/DaniMBS,UserStatusRecently(),Simon M.,simonm7,https://t.me/simonm7,UserStatusRecently(),Community Guy,communityguy,https://t.me/communityguy,UserStatusRecently(),Sandro ~ WILL NEVER DM FIRST ~,JoeS87,https://t.me/JoeS87,UserStatusRecently(),Joseph ~ We Don't DM First.,JVanity,https://t.me/JVanity,UserStatusRecently(),Vanity CM - won‚Äôt DM you,QueenV1234,https://t.me/QueenV1234,UserStatusRecently(),Alan (won't DM you first),Nonie1987,https://t.me/Nonie1987,UserStatusRecently(),,,,,,,,,,,,,,,,,,,,,,,,,,,,,,,,,,,,,,,,,,,,
10173,Fire Inu,FINU,Fire Inu (FINU) is a cryptocurrency and operates on the Binance Smart Chain platform. Fire Inu has a current supply of 0. The last known price of Fire Inu is 0 USD and is down -10.94 over the last 24 hours. It is currently trading on 2 active market(s) with $842.14 traded over the last 24 hours. More information can be found at https://www.fireinu.com.,https://www.fireinu.com,https://t.me/fireinutoken,,,https://twitter.com/fireinutoken,https://reddit.com/r/fireinutoken,FIRE INU (FINU),True,,,Crypto Dude,cryptoIsNice,https://t.me/cryptoIsNice,UserStatusRecently(),CryptoLord,CryptoLord_10,https://t.me/CryptoLord_10,UserStatusRecently(),Chicken Escobar,ChickenSaladSandwich,https://t.me/ChickenSaladSandwich,UserStatusRecently(),Emmi CM,Emmyjar,https://t.me/Emmyjar,UserStatusRecently(),Chef C,SoularSource,https://t.me/SoularSource,UserStatusRecently(),GEM_HUNT3R üíé,Gem_Hunt3r,https://t.me/Gem_Hunt3r,UserStatusRecently(),w3rd1001,w3rd1001,https://t.me/w3rd1001,UserStatusRecently(),Quantzz,Quantzz_Art,https://t.me/Quantzz_Art,UserStatusRecently(),Claire ‚ú™‚ÄôConnell,AnonCryptoLover,https://t.me/AnonCryptoLover,UserStatusRecently(),Yue Chan,akunasalku,https://t.me/akunasalku,UserStatusRecently(),Dukejunior,Dukejunior,https://t.me/Dukejunior,UserStatusRecently(),Joonas,Joonasbs,https://t.me/Joonasbs,UserStatusRecently(),BTR,btr_00,https://t.me/btr_00,UserStatusRecently(),Jake,CryptoDogo03,https://t.me/CryptoDogo03,UserStatusRecently(),Silvio,Trollomir,https://t.me/Trollomir,UserStatusRecently(),Dylbo,lgbtqute,https://t.me/lgbtqute,UserStatusRecently(),Jnsn iLy,JnsniLy,https://t.me/JnsniLy,UserStatusRecently(),Moena Misa,cashmoeney,https://t.me/cashmoeney,UserStatusLastMonth(),,,,,,,,,,,,,,,,,,,,,,,,,,,,
10247,Rug Busters,RUGBUST,Rug Busters (RUGBUST) is a cryptocurrency and operates on the Binance Smart Chain platform. Rug Busters has a current supply of 0. The last known price of Rug Busters is 0.05946638 USD and is down -14.90 over the last 24 hours. It is currently trading on 1 active market(s) with $11.56 traded over the last 24 hours. More information can be found at https://www.rugbusters.net.,https://www.rugbusters.net,https://t.me/Rug_Busters,,https://discord.com/channels/827919530030399528/827919530030399534,https://twitter.com/RugBustersToken,https://reddit.com/r/RugBusters,Rug Busters,True,,,weeehaa (will never dm u first),weehaCrypto,https://t.me/weehaCrypto,UserStatusRecently(),C,joliwasfi,https://t.me/joliwasfi,UserStatusRecently(),Dutch Brat,DutchBrat,https://t.me/DutchBrat,UserStatusRecently(),Charles Diba,Charles_diba,https://t.me/Charles_diba,UserStatusRecently(),TM,ScandiCryptoQueen,https://t.me/ScandiCryptoQueen,UserStatusRecently(),Moonfaced Bull,Moonfacedbull,https://t.me/Moonfacedbull,UserStatusRecently(),Crypto Monkey,Swedish_Crypto_Monkey,https://t.me/Swedish_Crypto_Monkey,UserStatusRecently(),,,,,,,,,,,,,,,,,,,,,,,,,,,,,,,,,,,,,,,,,,,,,,,,,,,,,,,,,,,,,,,,,,,,,,,,
10249,MoonRabbit,MOONRABBIT,MoonRabbit (MOONRABBIT) is a cryptocurrency and operates on the Binance Smart Chain platform. MoonRabbit has a current supply of 0. The last known price of MoonRabbit is 0 USD and is down -7.15 over the last 24 hours. It is currently trading on 2 active market(s) with $207.15 traded over the last 24 hours. More information can be found at https://moonrabbit.money.,https://moonrabbit.money,https://t.me/moonrabbitmoney,,,https://twitter.com/moonrabbitmoney,,MoonRabbit,True,,,Justen,KillaJayyyyy,https://t.me/KillaJayyyyy,UserStatusRecently(),Melicent,melicent1,https://t.me/melicent1,UserStatusRecently(),Catherine,catherine0love,https://t.me/catherine0love,UserStatusLastWeek(),JewRabbit,JewRabbit,https://t.me/JewRabbit,UserStatusRecently(),Louis,louisvin,https://t.me/louisvin,UserStatusRecently(),neil ana,neilanabel,https://t.me/neilanabel,UserStatusRecently(),Mavin,marvido11,https://t.me/marvido11,UserStatusRecently(),Steve,posluszny,https://t.me/posluszny,UserStatusRecently(),Michael,mike_crypto2,https://t.me/mike_crypto2,UserStatusRecently(),Moon Stoned (Will Not PM first),moon_stoned,https://t.me/moon_stoned,UserStatusRecently(),,,,,,,,,,,,,,,,,,,,,,,,,,,,,,,,,,,,,,,,,,,,,,,,,,,,,,,,,,,,
10253,GIVE GLOBAL,GIVE,"GIVE GLOBAL (GIVE) is a cryptocurrency and operates on the Ethereum platform. GIVE GLOBAL has a current supply of 888,888,888 with 0 in circulation. The last known price of GIVE GLOBAL is 0.00032377 USD and is down -6.59 over the last 24 hours. It is currently trading on 1 active market(s) with $9.45 traded over the last 24 hours. More information can be found at http://giveglobal.co.",http://giveglobal.co,https://t.me/giveglobal,,,https://twitter.com/_GIVEGLOBAL,,GIVE GLOBAL,True,,,HODLMOD,hodlmod,https://t.me/hodlmod,UserStatusRecently(),Givehelper,give_helper,https://t.me/give_helper,UserStatusLastMonth(),mmmarty,onetrumarty,https://t.me/onetrumarty,UserStatusRecently(),,,,,,,,,,,,,,,,,,,,,,,,,,,,,,,,,,,,,,,,,,,,,,,,,,,,,,,,,,,,,,,,,,,,,,,,,,,,,,,,,,,,,,,,
10280,Zetta Bitcoin Hashrate Token,ZBTC,Zetta Bitcoin Hashrate Token (ZBTC) is a cryptocurrency and operates on the Binance Smart Chain platform. Zetta Bitcoin Hashrate Token has a current supply of 0. The last known price of Zetta Bitcoin Hashrate Token is 2.03666303 USD and is down -25.24 over the last 24 hours. It is currently trading on 1 active market(s) with $869.44 traded over the last 24 hours. More information can be found at https://app.icarus.finance/.,https://app.icarus.finance/,https://t.me/icarus_finance,,https://discord.com/invite/YtDUZwXjkN,https://twitter.com/zetta_icarus,,icarus.finance üåê,True,,,Rajtack_Everywhere - Always Verify My Username,Rajtack_Everywhere,https://t.me/Rajtack_Everywhere,UserStatusRecently(),Jerry,jay_crypto21,https://t.me/jay_crypto21,UserStatusRecently(),Huselism,huselism,https://t.me/huselism,UserStatusRecently(),Ana_Everywhere - verifyme,Ana_Everywhere,https://t.me/Ana_Everywhere,UserStatusRecently(),Noah,NoahhhSss,https://t.me/NoahhhSss,UserStatusRecently(),Mary Lee,SuperMary07,https://t.me/SuperMary07,UserStatusLastMonth(),Luban Z,lubanze,https://t.me/lubanze,UserStatusRecently(),Pomelo_Everywhere--verifymyuser,Pomelog,https://t.me/Pomelog,UserStatusRecently(),Alekznder_Everywhere - verifymyuser,Alekzcapital,https://t.me/Alekzcapital,UserStatusRecently(),Bruno @icarus_finance,bruno_icarus,https://t.me/bruno_icarus,UserStatusRecently(),"Tom_Everywhere ""Always verify my username""",Tom_Everywhere,https://t.me/Tom_Everywhere,UserStatusRecently(),,,,,,,,,,,,,,,,,,,,,,,,,,,,,,,,,,,,,,,,,,,,,,,,,,,,,,,,
10323,PAMP.CC,PAMP,PAMP.CC (PAMP) is a cryptocurrency and operates on the Ethereum platform. PAMP.CC has a current supply of 0. The last known price of PAMP.CC is 0.00000364 USD and is down -6.93 over the last 24 hours. It is currently trading on 1 active market(s) with $124.10 traded over the last 24 hours. More information can be found at https://www.pamp.cc.,https://www.pamp.cc,http://t.me/pampofficial,,,https://twitter.com/scamalapamprson,,$PAMP | CRYPTO COMMUNITY,True,,,Cris B,Cristian_Block,https://t.me/Cristian_Block,UserStatusRecently(),Adrian Morrison,amorris11,https://t.me/amorris11,UserStatusRecently(),Scamala Pamperson,scamalapamperson,https://t.me/scamalapamperson,UserStatusRecently(),PAMP.IT,pamp_it_up,https://t.me/pamp_it_up,UserStatusRecently(),,,,,,,,,,,,,,,,,,,,,,,,,,,,,,,,,,,,,,,,,,,,,,,,,,,,,,,,,,,,,,,,,,,,,,,,,,,,,,,,,,,,
10328,Dirty Finance,DIRTY,"Dirty Finance (DIRTY) is a cryptocurrency and operates on the Ethereum platform. Dirty Finance has a current supply of 470,217,557,041 with 0 in circulation. The last known price of Dirty Finance is 0.0000011 USD and is down -5.60 over the last 24 hours. It is currently trading on 1 active market(s) with $247.24 traded over the last 24 hours. More information can be found at https://dirty.finance/.",https://dirty.finance/,https://t.me/DIRTYFIN,,,https://twitter.com/financedirty,https://reddit.com/r/dirtyfinance,Dirty Finance - $DIRTY OFFICIAL,True,,,maxxkg,maxxkg,https://t.me/maxxkg,UserStatusRecently(),Chrono,Chronoblitz,https://t.me/Chronoblitz,UserStatusRecently(),Brandan .,branda_n,https://t.me/branda_n,UserStatusRecently(),geckosnake,geckosnake,https://t.me/geckosnake,UserStatusRecently(),bullish port,bullishport,https://t.me/bullishport,UserStatusRecently(),mina s,minaurs,https://t.me/minaurs,UserStatusLastWeek(),Deividas The Architype,MakavelisTheDon,https://t.me/MakavelisTheDon,UserStatusRecently(),$,Aaron527,https://t.me/Aaron527,UserStatusRecently(),Chris Driesbach,chrisdriesbach,https://t.me/chrisdriesbach,UserStatusLastWeek(),Cody,YamahaR1Guy,https://t.me/YamahaR1Guy,UserStatusRecently(),Weird Dude,weirdDude0,https://t.me/weirdDude0,UserStatusRecently(),KatieCans,KatieCans,https://t.me/KatieCans,UserStatusRecently(),Trout Nugget,TroutNugget,https://t.me/TroutNugget,UserStatusRecently(),Dutch Delight,Dutchdelight85,https://t.me/Dutchdelight85,UserStatusRecently(),Thunder Lord,usernamedonotexist,https://t.me/usernamedonotexist,UserStatusRecently(),Jay Jay,JayJay_Crypto,https://t.me/JayJay_Crypto,UserStatusLastWeek(),GlasgowKush,dragor786,https://t.me/dragor786,UserStatusRecently(),Nodezy,nodezy,https://t.me/nodezy,UserStatusRecently(),Ala | Never Ask For Funds,ImTheBotMaster,https://t.me/ImTheBotMaster,UserStatusRecently(),Crypto Catz,CryptoBabb,https://t.me/CryptoBabb,UserStatusRecently(),Richard,RichardBunce,https://t.me/RichardBunce,UserStatusRecently(),Kaiser Smok√©,KaiserSmokay,https://t.me/KaiserSmokay,UserStatusRecently(),Tukkie Tukkie,tukkie_tukkie,https://t.me/tukkie_tukkie,UserStatusRecently(),Billy Wizz (Will Never Ask For Funds),BillyWizz,https://t.me/BillyWizz,UserStatusRecently(),Ericben Amay (We will never DM First or ask funding from anyone),ericamzki,https://t.me/ericamzki,UserStatusRecently()
10356,Peach.Finance,PEECH,Peach.Finance (PEECH) is a cryptocurrency and operates on the Ethereum platform. Peach.Finance has a current supply of 0. The last known price of Peach.Finance is 0.00000058 USD and is down -7.83 over the last 24 hours. It is currently trading on 1 active market(s) with $393.12 traded over the last 24 hours. More information can be found at https://peachfinance.org/.,https://peachfinance.org/,https://t.me/PeachFinance,,https://discord.gg/JaJNkHYTYA,https://twitter.com/peach_finance,,PEECH / CREEM üçë OFFICIAL üçë PEACH.FINANCE (ETH ONLY),True,,,Uncle Max,UncleMaxOG,https://t.me/UncleMaxOG,UserStatusRecently(),Cam Carter,camcarter901,https://t.me/camcarter901,UserStatusRecently(),Adam Drexler,AdamDrexlerLA,https://t.me/AdamDrexlerLA,UserStatusRecently(),Meg,CryptoMeg21,https://t.me/CryptoMeg21,UserStatusRecently(),Jay Westüçë,JayyWest,https://t.me/JayyWest,UserStatusRecently(),Billy Wizz (Will Never Ask For Funds),BillyWizz,https://t.me/BillyWizz,UserStatusRecently(),DegenPiggy,degenpiggy,https://t.me/degenpiggy,UserStatusRecently(),MoonRox,RoJoeBe,https://t.me/RoJoeBe,UserStatusRecently(),Crypto Catz,CryptoBabb,https://t.me/CryptoBabb,UserStatusRecently(),,,,,,,,,,,,,,,,,,,,,,,,,,,,,,,,,,,,,,,,,,,,,,,,,,,,,,,,,,,,,,,,
10375,Polychart,PCHART,Polychart (PCHART) is a cryptocurrency and operates on the Polygon platform. Polychart has a current supply of 0. The last known price of Polychart is 0.00186187 USD and is down -13.60 over the last 24 hours. It is currently trading on 1 active market(s) with $333.17 traded over the last 24 hours. More information can be found at https://polychart.io/.,https://polychart.io/,https://t.me/polychart,,,https://twitter.com/Polychartio,https://reddit.com/r/polychart,Polychart,True,,,Dark magician,dark_m4gician,https://t.me/dark_m4gician,UserStatusRecently(),Alien - app.polychart.io,polychart_alien,https://t.me/polychart_alien,UserStatusRecently(),Predator - [does not pm first],polychart_predator,https://t.me/polychart_predator,UserStatusLastMonth(),Binance Bull,cluelesscrypto,https://t.me/cluelesscrypto,UserStatusRecently(),Pepe‚ö°Ô∏èUNITED SHILLERS‚ö°Ô∏è,PepeGemss,https://t.me/PepeGemss,UserStatusRecently(),Human,polychart_human,https://t.me/polychart_human,UserStatusRecently(),kachoperro,Kachoperro,https://t.me/Kachoperro,UserStatusRecently(),Rimadius,Rimadius,https://t.me/Rimadius,UserStatusRecently(),,,,,,,,,,,,,,,,,,,,,,,,,,,,,,,,,,,,,,,,,,,,,,,,,,,,,,,,,,,,,,,,,,,,
10388,SupremeX,SXC,SupremeX (SXC) is a cryptocurrency and operates on the Polygon platform. SupremeX has a current supply of 0. The last known price of SupremeX is 0.00478269 USD and is down -4.02 over the last 24 hours. It is currently trading on 2 active market(s) with $0.32 traded over the last 24 hours. More information can be found at https://matic.sxc.fi.,https://matic.sxc.fi,https://t.me/supremexcommunity,,,https://twitter.com/LendingSupremex,,SupremeX Community,True,,,Leslie Doyle,SXC_Marketing,https://t.me/SXC_Marketing,UserStatusLastWeek(),Kish ‚Ä¢ WON'T DM YOU FIRST ‚Ä¢,Kishmorales,https://t.me/Kishmorales,UserStatusRecently(),Brian Park,BrianParkSupremeX,https://t.me/BrianParkSupremeX,UserStatusRecently(),Cal Palermo,SXC_Operating,https://t.me/SXC_Operating,UserStatusRecently(),KaKA Damon,damonkaka,https://t.me/damonkaka,UserStatusRecently(),,,,,,,,,,,,,,,,,,,,,,,,,,,,,,,,,,,,,,,,,,,,,,,,,,,,,,,,,,,,,,,,,,,,,,,,,,,,,,,,
10400,Bogecoin,BOGE,Bogecoin (BOGE) is a cryptocurrency and operates on the Binance Smart Chain platform. Bogecoin has a current supply of 0. The last known price of Bogecoin is 0.38576001 USD and is down -9.29 over the last 24 hours. It is currently trading on 2 active market(s) with $636.23 traded over the last 24 hours. More information can be found at https://bogecoin.org.,https://bogecoin.org,https://t.me/bogecoin,,,https://twitter.com/bogecoin,https://reddit.com/r/bogecoin,Bogecoin,True,,,Bogenaut,Bogenaut,https://t.me/Bogenaut,UserStatusRecently(),Sol (WILL NOT PM FIRST),solxzx,https://t.me/solxzx,UserStatusRecently(),Sublym,Sublym,https://t.me/Sublym,UserStatusRecently(),Stu ‚ÄúNot A Dev‚Äù Pickles,StuPickels,https://t.me/StuPickels,UserStatusRecently(),Oestre,Oestre,https://t.me/Oestre,UserStatusRecently(),BOGE COIN Chief Marketing Officer,AmongTheLivingx,https://t.me/AmongTheLivingx,UserStatusRecently(),MulletBoge,BudweiserBoge,https://t.me/BudweiserBoge,UserStatusRecently(),vax,vaxtro,https://t.me/vaxtro,UserStatusLastWeek(),,,,,,,,,,,,,,,,,,,,,,,,,,,,,,,,,,,,,,,,,,,,,,,,,,,,,,,,,,,,,,,,,,,,
10443,BarbecueSwap Finance,BBQ,BarbecueSwap Finance (BBQ) is a cryptocurrency and operates on the Binance Smart Chain platform. BarbecueSwap Finance has a current supply of 0. The last known price of BarbecueSwap Finance is 0.12156817 USD and is down -4.71 over the last 24 hours. It is currently trading on 3 active market(s) with $529.63 traded over the last 24 hours. More information can be found at https://app.barbecueswap.finance/.,https://app.barbecueswap.finance/,https://t.me/barbecueswapfinance,,,https://twitter.com/barbecueswap?s=11,,BarbecueSwap.Finance üçñ,True,,,Mark,CryptoMark21,https://t.me/CryptoMark21,UserStatusRecently(),Shahzad Rehman,mr8lobby,https://t.me/mr8lobby,UserStatusRecently(),,,,,,,,,,,,,,,,,,,,,,,,,,,,,,,,,,,,,,,,,,,,,,,,,,,,,,,,,,,,,,,,,,,,,,,,,,,,,,,,,,,,,,,,,,,,
10489,Doggy Swap,DOGS,Doggy Swap (DOGS) is a cryptocurrency and operates on the Binance Smart Chain platform. Doggy Swap has a current supply of 0. The last known price of Doggy Swap is 0.00000091 USD and is down -15.86 over the last 24 hours. It is currently trading on 1 active market(s) with $215.81 traded over the last 24 hours. More information can be found at https://doggyswap.io.,https://doggyswap.io,https://t.me/doggyswap,https://t.me/doggyswapnews,,https://twitter.com/doggyswapBSC,https://reddit.com/r/Doggyswap,Doggy Swap (BSC) $DOGS,True,Doggy Swap News,False,Crypto Dogs,Betterdogs,https://t.me/Betterdogs,UserStatusRecently(),Daniel,CryptoOwner,https://t.me/CryptoOwner,UserStatusRecently(),,,,,,,,,,,,,,,,,,,,,,,,,,,,,,,,,,,,,,,,,,,,,,,,,,,,,,,,,,,,,,,,,,,,,,,,,,,,,,,,,,,,,,,,,,,,
10555,Canary,CNR,Canary (CNR) is a cryptocurrency and operates on the Avalanche platform. Canary has a current supply of 0. The last known price of Canary is 0.0174389 USD and is up 26.93 over the last 24 hours. It is currently trading on 1 active market(s) with $527.59 traded over the last 24 hours. More information can be found at https://canary.exchange.,https://canary.exchange,https://t.me/canarydex,,,https://twitter.com/CanaryDex,,Canary Exchange,True,,,Canary Developers,Canarydev,https://t.me/Canarydev,UserStatusRecently(),EzerchE,EzerchE,https://t.me/EzerchE,UserStatusRecently(),Star Lord ‚àÄ,TheSEOdude,https://t.me/TheSEOdude,UserStatusRecently(),Micdrop,Micdrop01,https://t.me/Micdrop01,UserStatusRecently(),,,,,,,,,,,,,,,,,,,,,,,,,,,,,,,,,,,,,,,,,,,,,,,,,,,,,,,,,,,,,,,,,,,,,,,,,,,,,,,,,,,,
10610,SMARTPAD,PAD,SMARTPAD (PAD) is a cryptocurrency and operates on the Ethereum platform. SMARTPAD has a current supply of 0. The last known price of SMARTPAD is 0.02663684 USD and is down -7.11 over the last 24 hours. It is currently trading on 1 active market(s) with $938.74 traded over the last 24 hours. More information can be found at https://www.smartpad.network/.,https://www.smartpad.network/,https://t.me/smartpad_group,,,https://twitter.com/SmartPad7,,SmartPad I Official Community Group,True,,,Hero ü•ä,harshbardhanshah,https://t.me/harshbardhanshah,UserStatusRecently(),Debby styles,Debbystyles,https://t.me/Debbystyles,UserStatusRecently(),Mayank Grover (Will never ask for funds),mayankgrover733,https://t.me/mayankgrover733,UserStatusRecently(),SmartPad NEVER DM FIRST,smartpad1,https://t.me/smartpad1,UserStatusLastWeek(),SmartPad Admin,smartpad2,https://t.me/smartpad2,UserStatusRecently(),Mark Antstein,Monotrader55,https://t.me/Monotrader55,,Mark Letsyuk,UAEliFan,https://t.me/UAEliFan,UserStatusRecently(),Dmitry,d_afonin,https://t.me/d_afonin,UserStatusRecently(),,,,,,,,,,,,,,,,,,,,,,,,,,,,,,,,,,,,,,,,,,,,,,,,,,,,,,,,,,,,,,,,,,,,
10663,Catoshi Nakamoto,CATS,Catoshi Nakamoto (CATS) is a cryptocurrency and operates on the Ethereum platform. Catoshi Nakamoto has a current supply of 0. The last known price of Catoshi Nakamoto is 0.04139308 USD and is down -7.35 over the last 24 hours. It is currently trading on 1 active market(s) with $320.71 traded over the last 24 hours. More information can be found at https://catoshi.cat/.,https://catoshi.cat/,https://t.me/originalcatoshi,,,https://twitter.com/OriginalCatoshi,,Catoshi Nakamoto ($CATS),True,,,üöÄGatsby,ZGatsbyy,https://t.me/ZGatsbyy,UserStatusRecently(),Kabob Shack $CATS,kabobsh,https://t.me/kabobsh,UserStatusLastWeek(),Cindy |Never DM You First|,Sendeyakino,https://t.me/Sendeyakino,UserStatusRecently(),Shia/NFTWARS,Ladyshia033112,https://t.me/Ladyshia033112,UserStatusRecently(),Darpu,Darpu7,https://t.me/Darpu7,UserStatusRecently(),TheDirtywindow ($CATS),TheDirtywindow,https://t.me/TheDirtywindow,UserStatusRecently(),Alex Shillington,ApelyShillington,https://t.me/ApelyShillington,UserStatusRecently(),kayz $CATS,kayz0808,https://t.me/kayz0808,UserStatusRecently(),Alex3Crypto | Co-owner | @ACMEcrypto,alex3crypto,https://t.me/alex3crypto,UserStatusRecently(),SH $CUDOS,EunoPay,https://t.me/EunoPay,UserStatusRecently(),Bender $cats,Styl3bender,https://t.me/Styl3bender,UserStatusRecently(),Nifty,NiftyCrypto,https://t.me/NiftyCrypto,UserStatusRecently(),Crypto Chin | Owner of Kucoin chain millionaires & Crypto Chin community,cryptochin5,https://t.me/cryptochin5,UserStatusRecently(),Alexander Crypto carti,alexandercryptocarti,https://t.me/alexandercryptocarti,UserStatusRecently(),Dipz 'LCX',dipzter,https://t.me/dipzter,UserStatusRecently(),,,,,,,,,,,,,,,,,,,,,,,,,,,,,,,,,,,,,,,,
10733,Crossing the Yellow Blocks,CBK,"Crossing the Yellow Blocks (CBK) is a cryptocurrency and operates on the Ethereum platform. Crossing the Yellow Blocks has a current supply of 21,000,000 with 0 in circulation. The last known price of Crossing the Yellow Blocks is 0.1573754 USD and is down -0.12 over the last 24 hours. It is currently trading on 2 active market(s) with $50.67 traded over the last 24 hours. More information can be found at https://crossingtheyellowblocks.io/.",https://crossingtheyellowblocks.io/,https://t.me/cbkcommunityfans,,,https://twitter.com/theyellowblocks,,Crossing the Yellow Blocks,True,,,J. A,JarbRegojo,https://t.me/JarbRegojo,UserStatusRecently(),Marc,Marc_Rod,https://t.me/Marc_Rod,UserStatusRecently(),J [CBK],J0rg0x,https://t.me/J0rg0x,UserStatusRecently(),Alejandro Hevia,alexcome2land,https://t.me/alexcome2land,UserStatusRecently(),Sofya P-a,sofyapb,https://t.me/sofyapb,UserStatusRecently(),,,,,,,,,,,,,,,,,,,,,,,,,,,,,,,,,,,,,,,,,,,,,,,,,,,,,,,,,,,,,,,,,,,,,,,,,,,,,,,,
10796,ARTH Shares,ARTHX,ARTH Shares (ARTHX) is a cryptocurrency and operates on the Polygon platform. ARTH Shares has a current supply of 0. The last known price of ARTH Shares is 0.00075543 USD and is down -0.39 over the last 24 hours. It is currently trading on 1 active market(s) with $49.10 traded over the last 24 hours. More information can be found at https://arthcoin.com/.,https://arthcoin.com/,https://t.me/MahaDAO,,https://discord.gg/mahadao,https://twitter.com/TheMahaDAO,https://reddit.com/r/MahaDAO,MahaDAO,True,,,Pooja,poojakhanna27,https://t.me/poojakhanna27,UserStatusRecently(),Astra [ I will never DM you & ask for funds],Nobodi7,https://t.me/Nobodi7,UserStatusRecently(),UL 10101,ultra219,https://t.me/ultra219,UserStatusRecently(),Jai [ I'll Never Ask For Funds ],OfficiaL_Jai96,https://t.me/OfficiaL_Jai96,UserStatusRecently(),Urvesh,UrveshKansara,https://t.me/UrveshKansara,UserStatusRecently(),Pranay Sanghavi,pranaysanghavi,https://t.me/pranaysanghavi,UserStatusRecently(),Gafoor K,gafoor_k,https://t.me/gafoor_k,UserStatusRecently(),steven enamakel - mahadao.com - no ETH - wont PM you first,enamakel,https://t.me/enamakel,UserStatusRecently(),,,,,,,,,,,,,,,,,,,,,,,,,,,,,,,,,,,,,,,,,,,,,,,,,,,,,,,,,,,,,,,,,,,,
10829,NEFTiPEDiA,NFT,NEFTiPEDiA (NFT) is a cryptocurrency and operates on the Binance Smart Chain platform. NEFTiPEDiA has a current supply of 0. The last known price of NEFTiPEDiA is 0.00751993 USD and is down -10.18 over the last 24 hours. It is currently trading on 2 active market(s) with $40.83 traded over the last 24 hours. More information can be found at https://neftipedia.com/.,https://neftipedia.com/,https://t.me/iamneftipedia,https://t.me/neftipediachannel,,https://twitter.com/neftipedia,https://reddit.com/r/NEFTiPEDiA,NEFTiPEDiA - OFFICIAL ‚úÖ,True,Neftipedia Channel Official ‚úÖ,False,Tony,TC2614,https://t.me/TC2614,UserStatusRecently(),Sabda Surya,sabdasuryas,https://t.me/sabdasuryas,UserStatusRecently(),Putu Billy,putubilly,https://t.me/putubilly,UserStatusRecently(),Emi Lestari,TanyaEmi,https://t.me/TanyaEmi,UserStatusRecently(),Trisna,agtrisnayanti,https://t.me/agtrisnayanti,UserStatusRecently(),Mega,nimdmegawati,https://t.me/nimdmegawati,UserStatusRecently(),arya,radyad,https://t.me/radyad,UserStatusRecently(),Made Supardi,made_supardi,https://t.me/made_supardi,UserStatusRecently(),AN,AmrilNuryan,https://t.me/AmrilNuryan,UserStatusRecently(),Bima Antakawulan,Anktaw,https://t.me/Anktaw,UserStatusRecently(),Gede Sudiatmika,Sudiatmika812,https://t.me/Sudiatmika812,UserStatusRecently(),Dimas Widianto,D_4_W,https://t.me/D_4_W,UserStatusRecently(),L Kan,Lilykan,https://t.me/Lilykan,UserStatusRecently(),Del,Dellamiranti,https://t.me/Dellamiranti,UserStatusRecently(),Ktariiayu,Tariayuningsih,https://t.me/Tariayuningsih,UserStatusRecently(),Business Development Officer,BusinessDevelopmentOfficer,https://t.me/BusinessDevelopmentOfficer,UserStatusRecently(),Edo Sutha,edosutha,https://t.me/edosutha,UserStatusRecently(),,,,,,,,,,,,,,,,,,,,,,,,,,,,,,,,
