name_of_project,title_of_press_release,telegram_1,telegram_1_name,telegram_1_is_group,tg admin 1 name,tg admin 1 username,tg admin 1 contact url,tg admin 1 status,tg admin 2 name,tg admin 2 username,tg admin 2 contact url,tg admin 2 status,tg admin 3 name,tg admin 3 username,tg admin 3 contact url,tg admin 3 status,tg admin 4 name,tg admin 4 username,tg admin 4 contact url,tg admin 4 status,tg admin 5 name,tg admin 5 username,tg admin 5 contact url,tg admin 5 status,tg admin 6 name,tg admin 6 username,tg admin 6 contact url,tg admin 6 status,tg admin 7 name,tg admin 7 username,tg admin 7 contact url,tg admin 7 status,tg admin 8 name,tg admin 8 username,tg admin 8 contact url,tg admin 8 status,tg admin 9 name,tg admin 9 username,tg admin 9 contact url,tg admin 9 status,tg admin 10 name,tg admin 10 username,tg admin 10 contact url,tg admin 10 status,tg admin 11 name,tg admin 11 username,tg admin 11 contact url,tg admin 11 status,tg admin 12 name,tg admin 12 username,tg admin 12 contact url,tg admin 12 status,tg admin 13 name,tg admin 13 username,tg admin 13 contact url,tg admin 13 status,tg admin 14 name,tg admin 14 username,tg admin 14 contact url,tg admin 14 status,tg admin 15 name,tg admin 15 username,tg admin 15 contact url,tg admin 15 status,tg admin 16 name,tg admin 16 username,tg admin 16 contact url,tg admin 16 status,tg admin 17 name,tg admin 17 username,tg admin 17 contact url,tg admin 17 status,tg admin 18 name,tg admin 18 username,tg admin 18 contact url,tg admin 18 status,tg admin 19 name,tg admin 19 username,tg admin 19 contact url,tg admin 19 status,tg admin 20 name,tg admin 20 username,tg admin 20 contact url,tg admin 20 status,tg admin 21 name,tg admin 21 username,tg admin 21 contact url,tg admin 21 status,tg admin 22 name,tg admin 22 username,tg admin 22 contact url,tg admin 22 status,tg admin 23 name,tg admin 23 username,tg admin 23 contact url,tg admin 23 status,tg admin 24 name,tg admin 24 username,tg admin 24 contact url,tg admin 24 status,tg admin 25 name,tg admin 25 username,tg admin 25 contact url,tg admin 25 status,tg admin 26 name,tg admin 26 username,tg admin 26 contact url,tg admin 26 status,tg admin 27 name,tg admin 27 username,tg admin 27 contact url,tg admin 27 status,tg admin 28 name,tg admin 28 username,tg admin 28 contact url,tg admin 28 status,tg admin 29 name,tg admin 29 username,tg admin 29 contact url,tg admin 29 status
CoinTelegraph,Duet Protocol closes first-round funding at $3 million,https://t.me/duetprotocol,DUET PROTOCOL Community,True,Molly,mollyyooyoo,https://t.me/mollyyooyoo,UserStatusRecently(),Ursa Mio,UrsaMio,https://t.me/UrsaMio,UserStatusRecently(),Joe Hisaishi,Joe_Hisaishi,https://t.me/Joe_Hisaishi,UserStatusRecently(),üéµTrinity Tomomi,Satoshi_Freedom,https://t.me/Satoshi_Freedom,UserStatusRecently(),neo carmack,henghengbf,https://t.me/henghengbf,UserStatusRecently(),J. Bach,JBACHCRYPTO,https://t.me/JBACHCRYPTO,UserStatusRecently(),,,,,,,,,,,,,,,,,,,,,,,,,,,,,,,,,,,,,,,,,,,,,,,,,,,,,,,,,,,,,,,,,,,,,,,,,,,,,,,,,,,,,,,,,,,,
CoinTelegraph,NFTmall opens the NFT market for content creators,https://t.me/nftmall,NFTmall.io Official Community,True,Rakib | CEO @ NFTmall.io,wolverinv2,https://t.me/wolverinv2,UserStatusRecently(),Paul | Will never pm you first,Paul_deb,https://t.me/Paul_deb,UserStatusRecently(),White Walker,whitewalkercrypto,https://t.me/whitewalkercrypto,UserStatusRecently(),Crypto Proffa,cryptoproffa,https://t.me/cryptoproffa,UserStatusRecently(),Warchild,Nomad_Warchild,https://t.me/Nomad_Warchild,UserStatusRecently(),Aaron,Aaront035,https://t.me/Aaront035,UserStatusRecently(),PeasantForHire,PeasantForHire,https://t.me/PeasantForHire,UserStatusRecently(),M B,crypto_walk,https://t.me/crypto_walk,UserStatusRecently(),Damiano | NFTmall.io,nftleader,https://t.me/nftleader,UserStatusRecently(),Jaan,Maan987,https://t.me/Maan987,UserStatusRecently(),,,,,,,,,,,,,,,,,,,,,,,,,,,,,,,,,,,,,,,,,,,,,,,,,,,,,,,,,,,,,,,,,,,,,,,,,,,,
CoinTelegraph,NFTmall opens the NFT market for content creators,https://t.me/nftmallartists,NFT‚õìmallüé®üñåArtists,True,Damiano | NFTmall.io,nftleader,https://t.me/nftleader,UserStatusRecently(),Rakib | CEO @ NFTmall.io,wolverinv2,https://t.me/wolverinv2,UserStatusRecently(),,,,,,,,,,,,,,,,,,,,,,,,,,,,,,,,,,,,,,,,,,,,,,,,,,,,,,,,,,,,,,,,,,,,,,,,,,,,,,,,,,,,,,,,,,,,,,,,,,,,,,,,,,,,
CoinTelegraph,ONI.exchange is going to be one of the biggest DeFi launches this year,https://t.me/oni_exchange,ONI.exchange,True,"ONI.exchange Intelligent AMM, NFT & Yield Farm",oniexchange,https://t.me/oniexchange,UserStatusRecently(),Kiran,Kirancr,https://t.me/Kirancr,UserStatusRecently(),Andre,heyheyandrehey,https://t.me/heyheyandrehey,UserStatusRecently(),Joe,Joegee,https://t.me/Joegee,UserStatusRecently(),,,,,,,,,,,,,,,,,,,,,,,,,,,,,,,,,,,,,,,,,,,,,,,,,,,,,,,,,,,,,,,,,,,,,,,,,,,,,,,,,,,,,,,,,,,,,,,,,,,,
CoinTelegraph,Introducing Polkally: A seamless NFT experience,https://t.me/polkally,Polkally,True,Saurabh(Will not PM you first),Saurabh7599,https://t.me/Saurabh7599,UserStatusRecently(),Christopher ( I WON'T P.M FIRST),Onu46,https://t.me/Onu46,UserStatusRecently(),J0EL || Will Never DM First,Joel95thomas,https://t.me/Joel95thomas,UserStatusRecently(),Asif | Never ASK FOR FUNDS,Rrifa1,https://t.me/Rrifa1,UserStatusRecently(),Tor | GAINS Associates üêã,Tor_GAINS,https://t.me/Tor_GAINS,UserStatusRecently(),Eric | Exnetwork,ERCSU,https://t.me/ERCSU,UserStatusRecently(),Wolf,wolfonaire,https://t.me/wolfonaire,UserStatusRecently(),Gary Sumner,sendrock,https://t.me/sendrock,UserStatusRecently(),L D,MolotovCoktail,https://t.me/MolotovCoktail,UserStatusRecently(),Virgile / Crypto-Compta-Conseils,virgileccc,https://t.me/virgileccc,UserStatusRecently(),Comr…ëde | BlockT…ëlks,Comrade02,https://t.me/Comrade02,UserStatusRecently(),Barbonymous,Barbonymous,https://t.me/Barbonymous,UserStatusRecently(),Alex Berg | BlockTalks,HiBlockTalks,https://t.me/HiBlockTalks,UserStatusRecently(),Chris | Polkally,The_adviser7,https://t.me/The_adviser7,UserStatusRecently(),Purple Eye,OeilPourpre,https://t.me/OeilPourpre,UserStatusRecently(),Chlo√© Bigot | Polkally CEO,chloepolkally,https://t.me/chloepolkally,UserStatusRecently(),,,,,,,,,,,,,,,,,,,,,,,,,,,,,,,,,,,,,,,,,,,,,,,,,,,,
CoinTelegraph,Troy‚Äôs revolutionary products and brokerage services to outplay the crypto market,https://t.me/troytrade_official,"TROY - Redefine Trading, Beyond Exchange",True,Joseph_Troytrade,Troytrade_Joseph,https://t.me/Troytrade_Joseph,UserStatusRecently(),Cora,coravivir,https://t.me/coravivir,UserStatusRecently(),Mike,Mike156,https://t.me/Mike156,,Charlie Chen,charliechen_troy,https://t.me/charliechen_troy,UserStatusRecently(),Paul | TroyTrade.com NEVER DM YOU,enenchestone,https://t.me/enenchestone,UserStatusLastWeek(),Kevin,troytrade,https://t.me/troytrade,UserStatusRecently(),,,,,,,,,,,,,,,,,,,,,,,,,,,,,,,,,,,,,,,,,,,,,,,,,,,,,,,,,,,,,,,,,,,,,,,,,,,,,,,,,,,,,,,,,,,,
CoinTelegraph,KnitFinance closes heavily oversubscribed sale led by leading blockchain investors,https://t.me/knitfinance,KnitFinance,True,‚ö° Kien ‚ö°| Will Never DM You First,extreme2323,https://t.me/extreme2323,UserStatusRecently(),VictorVont‚Ñ¢,Victorvont,https://t.me/Victorvont,UserStatusRecently(),Sammy,samdutta4,https://t.me/samdutta4,UserStatusRecently(),CryptoMaster [ KnitFinance ],CryptoMaster21,https://t.me/CryptoMaster21,UserStatusRecently(),Sainath@Knit.Finance Unlocking MultiChain DeFi using Insured Wrapped Assests,SainathG,https://t.me/SainathG,UserStatusRecently(),,,,,,,,,,,,,,,,,,,,,,,,,,,,,,,,,,,,,,,,,,,,,,,,,,,,,,,,,,,,,,,,,,,,,,,,,,,,,,,,,,,,,,,,,,,,,,,,
CoinTelegraph,DeFinity to launch IDO on the OccamRazer launchpad,https://t.me/DeFinity_Community,DeFinity [Official],True,Carine,CarieCrypto,https://t.me/CarieCrypto,UserStatusRecently(),Angeli,mmmaaaryyy,https://t.me/mmmaaaryyy,UserStatusRecently(),Rylan,Rycerog,https://t.me/Rycerog,UserStatusRecently(),Corey Billington,CoreyBillington,https://t.me/CoreyBillington,UserStatusRecently(),,,,,,,,,,,,,,,,,,,,,,,,,,,,,,,,,,,,,,,,,,,,,,,,,,,,,,,,,,,,,,,,,,,,,,,,,,,,,,,,,,,,,,,,,,,,,,,,,,,,
CoinTelegraph,DeFinity to launch IDO on the OccamRazer launchpad,https://t.me/occamfi_com,OccamFi Community Group,True,Leander| OccamFi üá™üá¶| I'll never DM you first,leander_occ,https://t.me/leander_occ,UserStatusRecently(),Kornel | OccamFi üáµüá± | I'll never PM you first,cornlg_occ,https://t.me/cornlg_occ,UserStatusRecently(),Thiago Nunes | OccamFi üáßüá∑| admins will never DM first,thiagonunes_occ,https://t.me/thiagonunes_occ,UserStatusRecently(),Aryan | OccamFi |üá©üá™| admins will never DM first,AryanCM,https://t.me/AryanCM,UserStatusRecently(),Ryan|OccamFiüá®üá≥|admins will never DM first,ryanice1,https://t.me/ryanice1,UserStatusRecently(),Occam Quiz,occamquiz,https://t.me/occamquiz,UserStatusRecently(),Shaun | OccamFi | I will never PM first |,ShaunOCCAM,https://t.me/ShaunOCCAM,UserStatusRecently(),Steven | OccamFi | i will never pm you first,StevenOCCAM,https://t.me/StevenOCCAM,UserStatusLastMonth(),Uni | Occam.Fi | I Will Never PM You First,uniOCCAM,https://t.me/uniOCCAM,UserStatusRecently(),Gomez | OccamFi (I will never PM you first),GomezOCCAM,https://t.me/GomezOCCAM,UserStatusRecently(),Tiago S,super_duderino,https://t.me/super_duderino,UserStatusRecently(),Daniel Bose,danielbose,https://t.me/danielbose,UserStatusRecently(),Harvey (Admin - will never PM first),harveyish,https://t.me/harveyish,UserStatusRecently(),Peter | OccamFi [I'll never PM you first],PeterOccamFi,https://t.me/PeterOccamFi,UserStatusRecently(),Tatiana A. - Occam.fi,t_occamfi,https://t.me/t_occamfi,UserStatusRecently(),Nicolas | OccamFi,NicolasR94,https://t.me/NicolasR94,UserStatusRecently(),Marlene Vee,MarleneVee,https://t.me/MarleneVee,UserStatusLastWeek(),,,,,,,,,,,,,,,,,,,,,,,,,,,,,,,,,,,,,,,,,,,,,,,,
CoinTelegraph,Dexa Coin to launch social messenger app with peer-to-peer payments,https://t.me/dexacoin,DEXA COIN - OFFICIAL,True,RK,RK_DEXA,https://t.me/RK_DEXA,UserStatusRecently(),Jordan,JORDAN_DEXA,https://t.me/JORDAN_DEXA,UserStatusRecently(),Adnan Altaf,ADNAN_ALTAF,https://t.me/ADNAN_ALTAF,UserStatusRecently(),Iron Man,MARVELDEXA,https://t.me/MARVELDEXA,UserStatusRecently(),,,,,,,,,,,,,,,,,,,,,,,,,,,,,,,,,,,,,,,,,,,,,,,,,,,,,,,,,,,,,,,,,,,,,,,,,,,,,,,,,,,,,,,,,,,,,,,,,,,,
CoinTelegraph,Occam.fi and Bondly bring next-gen DeFi & NFT capabilities to Cardano,https://t.me/bondlyfinance,Bondly Finance Official,True,RHEE„Ö£BondLy,rheeunion_BondLy,https://t.me/rheeunion_BondLy,UserStatusRecently(),Ash Bondly,aashbondly,https://t.me/aashbondly,UserStatusRecently(),Maxi | BondLy,MaxiBondly,https://t.me/MaxiBondly,UserStatusRecently(),PeteSherpa | Bondly (No giveaways / scammers around ),PeteSherpa,https://t.me/PeteSherpa,UserStatusRecently(),D3V3LIN| BondLy,D3V3LIN_BondLy,https://t.me/D3V3LIN_BondLy,UserStatusRecently(),Brandon | BondLy,Brandon_BondLy,https://t.me/Brandon_BondLy,UserStatusRecently(),Harry | Bondly,harry_bondly,https://t.me/harry_bondly,UserStatusRecently(),Steven | Bondly,steven_bondly,https://t.me/steven_bondly,UserStatusRecently(),Megan | Bondly,meganzliu,https://t.me/meganzliu,UserStatusRecently(),,,,,,,,,,,,,,,,,,,,,,,,,,,,,,,,,,,,,,,,,,,,,,,,,,,,,,,,,,,,,,,,,,,,,,,,,,,,,,,,
CoinTelegraph,Occam.fi and Bondly bring next-gen DeFi & NFT capabilities to Cardano,https://t.me/occamfi_com,OccamFi Community Group,True,Leander| OccamFi üá™üá¶| I'll never DM you first,leander_occ,https://t.me/leander_occ,UserStatusRecently(),Kornel | OccamFi üáµüá± | I'll never PM you first,cornlg_occ,https://t.me/cornlg_occ,UserStatusRecently(),Thiago Nunes | OccamFi üáßüá∑| admins will never DM first,thiagonunes_occ,https://t.me/thiagonunes_occ,UserStatusRecently(),Aryan | OccamFi |üá©üá™| admins will never DM first,AryanCM,https://t.me/AryanCM,UserStatusRecently(),Ryan|OccamFiüá®üá≥|admins will never DM first,ryanice1,https://t.me/ryanice1,UserStatusRecently(),Occam Quiz,occamquiz,https://t.me/occamquiz,UserStatusRecently(),Shaun | OccamFi | I will never PM first |,ShaunOCCAM,https://t.me/ShaunOCCAM,UserStatusRecently(),Steven | OccamFi | i will never pm you first,StevenOCCAM,https://t.me/StevenOCCAM,UserStatusLastMonth(),Uni | Occam.Fi | I Will Never PM You First,uniOCCAM,https://t.me/uniOCCAM,UserStatusRecently(),Gomez | OccamFi (I will never PM you first),GomezOCCAM,https://t.me/GomezOCCAM,UserStatusRecently(),Tiago S,super_duderino,https://t.me/super_duderino,UserStatusRecently(),Daniel Bose,danielbose,https://t.me/danielbose,UserStatusRecently(),Harvey (Admin - will never PM first),harveyish,https://t.me/harveyish,UserStatusRecently(),Peter | OccamFi [I'll never PM you first],PeterOccamFi,https://t.me/PeterOccamFi,UserStatusRecently(),Tatiana A. - Occam.fi,t_occamfi,https://t.me/t_occamfi,UserStatusRecently(),Nicolas | OccamFi,NicolasR94,https://t.me/NicolasR94,UserStatusRecently(),Marlene Vee,MarleneVee,https://t.me/MarleneVee,UserStatusLastWeek(),,,,,,,,,,,,,,,,,,,,,,,,,,,,,,,,,,,,,,,,,,,,,,,,
CoinTelegraph,OccamRazer to Launch deFIRE IDO - Powered by Changelly,https://t.me/occamfi_com,OccamFi Community Group,True,Leander| OccamFi üá™üá¶| I'll never DM you first,leander_occ,https://t.me/leander_occ,UserStatusRecently(),Kornel | OccamFi üáµüá± | I'll never PM you first,cornlg_occ,https://t.me/cornlg_occ,UserStatusRecently(),Thiago Nunes | OccamFi üáßüá∑| admins will never DM first,thiagonunes_occ,https://t.me/thiagonunes_occ,UserStatusRecently(),Aryan | OccamFi |üá©üá™| admins will never DM first,AryanCM,https://t.me/AryanCM,UserStatusRecently(),Ryan|OccamFiüá®üá≥|admins will never DM first,ryanice1,https://t.me/ryanice1,UserStatusRecently(),Occam Quiz,occamquiz,https://t.me/occamquiz,UserStatusRecently(),Shaun | OccamFi | I will never PM first |,ShaunOCCAM,https://t.me/ShaunOCCAM,UserStatusRecently(),Steven | OccamFi | i will never pm you first,StevenOCCAM,https://t.me/StevenOCCAM,UserStatusLastMonth(),Uni | Occam.Fi | I Will Never PM You First,uniOCCAM,https://t.me/uniOCCAM,UserStatusRecently(),Gomez | OccamFi (I will never PM you first),GomezOCCAM,https://t.me/GomezOCCAM,UserStatusRecently(),Tiago S,super_duderino,https://t.me/super_duderino,UserStatusRecently(),Daniel Bose,danielbose,https://t.me/danielbose,UserStatusRecently(),Harvey (Admin - will never PM first),harveyish,https://t.me/harveyish,UserStatusRecently(),Peter | OccamFi [I'll never PM you first],PeterOccamFi,https://t.me/PeterOccamFi,UserStatusRecently(),Tatiana A. - Occam.fi,t_occamfi,https://t.me/t_occamfi,UserStatusRecently(),Nicolas | OccamFi,NicolasR94,https://t.me/NicolasR94,UserStatusRecently(),Marlene Vee,MarleneVee,https://t.me/MarleneVee,UserStatusLastWeek(),,,,,,,,,,,,,,,,,,,,,,,,,,,,,,,,,,,,,,,,,,,,,,,,
CoinTelegraph,Introducing the Swirge Finance Token: A fully decentralized token,https://t.me/swirgepay,Swirge | Pay,True,shaimaranbir Never gonna dm u first,srk2829,https://t.me/srk2829,UserStatusRecently(),üåøÌååÏã†Îëê ¬∞‚ìÇÔ∏èadhushanka¬∞ ¬Æüá±üá∞,pasindum,https://t.me/pasindum,UserStatusRecently(),Lexkhalifa,Lexkhalifa123,https://t.me/Lexkhalifa123,UserStatusRecently(),Navi,N4V1111,https://t.me/N4V1111,UserStatusRecently(),CryptoBuddy,CrYpTo0909,https://t.me/CrYpTo0909,UserStatusRecently(),Harmony,Harmonyelendu,https://t.me/Harmonyelendu,UserStatusRecently(),Simon Adamilo,Damicrypto,https://t.me/Damicrypto,UserStatusRecently(),Nansel Rimsah,YoungNaz,https://t.me/YoungNaz,UserStatusRecently(),Omohoro Mercy,omomery,https://t.me/omomery,UserStatusRecently(),TOCHUKWU,periccoma,https://t.me/periccoma,UserStatusRecently(),Keith Of Bitcoin,Bitcoinkeith,https://t.me/Bitcoinkeith,UserStatusRecently(),Mr Jay Crypto,MrJaycrypto,https://t.me/MrJaycrypto,UserStatusRecently(),,,,,,,,,,,,,,,,,,,,,,,,,,,,,,,,,,,,,,,,,,,,,,,,,,,,,,,,,,,,,,,,,,,,
CoinTelegraph,Smartlink unveils its backers following its private sale of $500K,https://t.me/smartlinkofficial,Smartlink Official,True,Fran√ßois LE GALL,francoislegall,https://t.me/francoislegall,UserStatusRecently(),R.Carre | Will never DM you first,KarreRobin,https://t.me/KarreRobin,UserStatusRecently(),Smartlink T1 (ICO IS CLOSED),SmartlinkT1,https://t.me/SmartlinkT1,UserStatusRecently(),Smartlink | Will never DM you First,smartlinkteam,https://t.me/smartlinkteam,UserStatusRecently(),Prakash Pandey (Never DM You First),prakash11175,https://t.me/prakash11175,UserStatusRecently(),,,,,,,,,,,,,,,,,,,,,,,,,,,,,,,,,,,,,,,,,,,,,,,,,,,,,,,,,,,,,,,,,,,,,,,,,,,,,,,,,,,,,,,,,,,,,,,,
CoinTelegraph,CV VC becomes accelerator advisor of the Occam.fi ecosystem,https://t.me/occamfi_com,OccamFi Community Group,True,Leander| OccamFi üá™üá¶| I'll never DM you first,leander_occ,https://t.me/leander_occ,UserStatusRecently(),Kornel | OccamFi üáµüá± | I'll never PM you first,cornlg_occ,https://t.me/cornlg_occ,UserStatusRecently(),Thiago Nunes | OccamFi üáßüá∑| admins will never DM first,thiagonunes_occ,https://t.me/thiagonunes_occ,UserStatusRecently(),Aryan | OccamFi |üá©üá™| admins will never DM first,AryanCM,https://t.me/AryanCM,UserStatusRecently(),Ryan|OccamFiüá®üá≥|admins will never DM first,ryanice1,https://t.me/ryanice1,UserStatusRecently(),Occam Quiz,occamquiz,https://t.me/occamquiz,UserStatusRecently(),Shaun | OccamFi | I will never PM first |,ShaunOCCAM,https://t.me/ShaunOCCAM,UserStatusRecently(),Steven | OccamFi | i will never pm you first,StevenOCCAM,https://t.me/StevenOCCAM,UserStatusLastMonth(),Uni | Occam.Fi | I Will Never PM You First,uniOCCAM,https://t.me/uniOCCAM,UserStatusRecently(),Gomez | OccamFi (I will never PM you first),GomezOCCAM,https://t.me/GomezOCCAM,UserStatusRecently(),Tiago S,super_duderino,https://t.me/super_duderino,UserStatusRecently(),Daniel Bose,danielbose,https://t.me/danielbose,UserStatusRecently(),Harvey (Admin - will never PM first),harveyish,https://t.me/harveyish,UserStatusRecently(),Peter | OccamFi [I'll never PM you first],PeterOccamFi,https://t.me/PeterOccamFi,UserStatusRecently(),Tatiana A. - Occam.fi,t_occamfi,https://t.me/t_occamfi,UserStatusRecently(),Nicolas | OccamFi,NicolasR94,https://t.me/NicolasR94,UserStatusRecently(),Marlene Vee,MarleneVee,https://t.me/MarleneVee,UserStatusLastWeek(),,,,,,,,,,,,,,,,,,,,,,,,,,,,,,,,,,,,,,,,,,,,,,,,
CoinTelegraph,Swinate - A BSC project that links crypto with stocks and real estate,https://t.me/swinate,Swinate Official,True,Peter Zen,Peter_Zen,https://t.me/Peter_Zen,UserStatusRecently(),Christian,c3pow,https://t.me/c3pow,UserStatusRecently(),Jor Vb,jorvb123,https://t.me/jorvb123,UserStatusRecently(),Sven J,svenjur,https://t.me/svenjur,UserStatusRecently(),Salty Shrimpy,Salty_Shrimpy,https://t.me/Salty_Shrimpy,UserStatusRecently(),S,B4C0S,https://t.me/B4C0S,UserStatusRecently(),Absolut V,juannitox,https://t.me/juannitox,UserStatusRecently(),Ares,Ares_786,https://t.me/Ares_786,UserStatusRecently(),Timmy,TimmyDC,https://t.me/TimmyDC,UserStatusRecently(),loweredcurtains,loweredcurtains,https://t.me/loweredcurtains,UserStatusRecently(),,,,,,,,,,,,,,,,,,,,,,,,,,,,,,,,,,,,,,,,,,,,,,,,,,,,,,,,,,,,,,,,,,,,,,,,,,,,
CoinTelegraph,Sekuritance unique approach addresses blockchain compliance challenges,https://t.me/sekuritance_SKRT,Sekuritance‚Ñ¢ Official Community Chat,True,Chase AmaZix,chase_4D,https://t.me/chase_4D,UserStatusRecently(),Enobee AmaZix,eno_bee,https://t.me/eno_bee,UserStatusRecently(),Essa AmaZix,lourdessaBB,https://t.me/lourdessaBB,UserStatusRecently(),Ruona AmaZix,Ogheneruona,https://t.me/Ogheneruona,UserStatusRecently(),Jonny AmaZix,Canaricolor,https://t.me/Canaricolor,UserStatusRecently(),Chris AmaZix,Parbey,https://t.me/Parbey,UserStatusRecently(),Josh AmaZix,edisonbell,https://t.me/edisonbell,UserStatusRecently(),Isaac AmaZix,IsaacEssuman,https://t.me/IsaacEssuman,UserStatusRecently(),Clara AmaZix,claralausy,https://t.me/claralausy,UserStatusRecently(),Diogo AmaZix,obsAmaZix,https://t.me/obsAmaZix,UserStatusRecently(),Larry AmaZix,heelaree,https://t.me/heelaree,UserStatusRecently(),DCTO,DGCTO,https://t.me/DGCTO,UserStatusRecently(),,,,,,,,,,,,,,,,,,,,,,,,,,,,,,,,,,,,,,,,,,,,,,,,,,,,,,,,,,,,,,,,,,,,
CoinTelegraph,Bifrost SALP: Release crowdloan liquidity for participants,https://t.me/bifrost_finance,Bifrost Official,True,Real Lurpis @ Bifrost,lurpis,https://t.me/lurpis,UserStatusRecently(),Yancy,tiemmmmm,https://t.me/tiemmmmm,UserStatusRecently(),Weel - Ross M (I will not DM you first),Weelecht,https://t.me/Weelecht,UserStatusRecently(),Gilang (I will never DM you),venomousz,https://t.me/venomousz,UserStatusRecently(),Maarten (I will never PM first!),Fiexer,https://t.me/Fiexer,UserStatusRecently(),Alex PromoTeam,AlexPromoTeam,https://t.me/AlexPromoTeam,UserStatusRecently(),Bonnie@Bifrost,irend00,https://t.me/irend00,UserStatusRecently(),Bifrost Network,bifrost_network_bot,https://t.me/bifrost_network_bot,,,,,,,,,,,,,,,,,,,,,,,,,,,,,,,,,,,,,,,,,,,,,,,,,,,,,,,,,,,,,,,,,,,,,,,,,,,,,,,,,,,,,
CoinTelegraph,DragonBite raises over $2.7 million within 48 hours,https://t.me/DragonBite,DragonBite Official,True,James | DragonBite üêâ,DB_James,https://t.me/DB_James,UserStatusRecently(),Chris | DragonBite HK,DragonBiteCMO,https://t.me/DragonBiteCMO,UserStatusRecently(),Wyatt Whitehead | Never PM first,Cryptority,https://t.me/Cryptority,UserStatusRecently(),Alex Cannon,alexcanon,https://t.me/alexcanon,UserStatusRecently(),Lowkey Donki,OkeyDonki,https://t.me/OkeyDonki,UserStatusRecently(),CryptoDonkey,CryptoDDonkey,https://t.me/CryptoDDonkey,UserStatusRecently(),Florence | DragonBite üèµ,FlorenceDragonBite,https://t.me/FlorenceDragonBite,UserStatusRecently(),SubZero Never PM First,SubzeroCM,https://t.me/SubzeroCM,UserStatusRecently(),NooB MK,noobmk,https://t.me/noobmk,UserStatusRecently(),Mickael Costache,mcostache,https://t.me/mcostache,UserStatusRecently(),Andy Chen | DragonBiteüêâ,andy777chen,https://t.me/andy777chen,UserStatusRecently(),Peter Chan,chanpms,https://t.me/chanpms,UserStatusRecently(),Elvan | DragonBite üêâ,DB_Elvan,https://t.me/DB_Elvan,UserStatusRecently(),,,,,,,,,,,,,,,,,,,,,,,,,,,,,,,,,,,,,,,,,,,,,,,,,,,,,,,,,,,,,,,,
CoinTelegraph,Smartlink launches decentralized escrow and its own marketplace on Tezos,https://t.me/smartlinkofficial,Smartlink Official,True,Fran√ßois LE GALL,francoislegall,https://t.me/francoislegall,UserStatusRecently(),R.Carre | Will never DM you first,KarreRobin,https://t.me/KarreRobin,UserStatusRecently(),Smartlink T1 (ICO IS CLOSED),SmartlinkT1,https://t.me/SmartlinkT1,UserStatusRecently(),Smartlink | Will never DM you First,smartlinkteam,https://t.me/smartlinkteam,UserStatusRecently(),Prakash Pandey (Never DM You First),prakash11175,https://t.me/prakash11175,UserStatusRecently(),,,,,,,,,,,,,,,,,,,,,,,,,,,,,,,,,,,,,,,,,,,,,,,,,,,,,,,,,,,,,,,,,,,,,,,,,,,,,,,,,,,,,,,,,,,,,,,,
CoinTelegraph,Start ‚óè Chaos: Emit Epoch 1.0 officially released,https://t.me/emit_protocol,EMIT Protocol Community,True,Stefano Recorder@EMIT,StefanoRecorder,https://t.me/StefanoRecorder,UserStatusLastWeek(),Nicola Organizer@EMIT,NicolaInoue,https://t.me/NicolaInoue,UserStatusRecently(),flowing lighting,flowinglighting,https://t.me/flowinglighting,UserStatusRecently(),Luca prieto@EMIT,LucaEMIT,https://t.me/LucaEMIT,UserStatusRecently(),Edward Explorer@EMIT,edwardyourdon,https://t.me/edwardyourdon,UserStatusRecently(),,,,,,,,,,,,,,,,,,,,,,,,,,,,,,,,,,,,,,,,,,,,,,,,,,,,,,,,,,,,,,,,,,,,,,,,,,,,,,,,,,,,,,,,,,,,,,,,
CoinTelegraph,Delio and Moneytree to launch Korea‚Äôs first BTC checkout service,https://t.me/happy_delio,[Delio Ducato] Crypto Investing Live,True,Charlotte Lee,chalee620,https://t.me/chalee620,UserStatusRecently(),Hen,Henry_Roh,https://t.me/Henry_Roh,UserStatusRecently(),Megan Huang,megansh,https://t.me/megansh,UserStatusRecently(),Joy Ha,joyha12,https://t.me/joyha12,UserStatusRecently(),Ted,kobal100,https://t.me/kobal100,UserStatusRecently(),Cess,Janeth_delio,https://t.me/Janeth_delio,UserStatusRecently(),Gilang (I will never DM you),venomousz,https://t.me/venomousz,UserStatusRecently(),James Jung,moxeda,https://t.me/moxeda,UserStatusRecently(),,,,,,,,,,,,,,,,,,,,,,,,,,,,,,,,,,,,,,,,,,,,,,,,,,,,,,,,,,,,,,,,,,,,,,,,,,,,,,,,,,,,
CoinTelegraph,Receive 3x rewards with ETHA lend - Dodo Dual LP is live,https://t.me/ethalendcommunity,ETHA Lend - Community Channel,True,Sergey Isaev üçÄ,kapitantopor,https://t.me/kapitantopor,UserStatusRecently(),chcstr- will NOT DM you first-,chcstr,https://t.me/chcstr,UserStatusRecently(),ùïÅùï¶ùï§ùï•ùïöùïüùïñ,coinachos,https://t.me/coinachos,UserStatusRecently(),Admin ETHA,etha_admin,https://t.me/etha_admin,UserStatusRecently(),Leventayn Raister,Raister_Leventayn,https://t.me/Raister_Leventayn,UserStatusRecently(),Alfred Khamzin,VectorGC,https://t.me/VectorGC,UserStatusRecently(),Justin [-Will not DM You-],Justinbsz,https://t.me/Justinbsz,UserStatusRecently(),Chester | ETHA,chesteretha,https://t.me/chesteretha,UserStatusRecently(),,,,,,,,,,,,,,,,,,,,,,,,,,,,,,,,,,,,,,,,,,,,,,,,,,,,,,,,,,,,,,,,,,,,,,,,,,,,,,,,,,,,
CoinTelegraph,Metis launches the first-ever community-minted NFT 'Rebuilding The Tower Of Babel',https://t.me/MetisDAO,MetisDAO,True,Sandip Bhakta,Bhakta1123,https://t.me/Bhakta1123,UserStatusRecently(),Jonathan | Will Never DM First,JonathanCxZ,https://t.me/JonathanCxZ,UserStatusRecently(),Carlo Cardozo,cardozz,https://t.me/cardozz,UserStatusRecently(),Cole Mathis (BLOCK ME IF I DM YOU FIRST),Colemaths,https://t.me/Colemaths,UserStatusRecently(),M D,mandyd0824,https://t.me/mandyd0824,UserStatusRecently(),Santanet,Santanet81,https://t.me/Santanet81,UserStatusRecently(),Rrish,Rrish87,https://t.me/Rrish87,UserStatusRecently(),Lucas I Will never DM first!,TijanCRYP,https://t.me/TijanCRYP,UserStatusRecently(),Iain Mc,Barsinbits,https://t.me/Barsinbits,UserStatusRecently(),Crypto Seph,Cryptoseph,https://t.me/Cryptoseph,UserStatusRecently(),Jonah,JonahMetis,https://t.me/JonahMetis,UserStatusRecently(),NorbertMetis ‚ÄúI Don‚Äôt DM To Ask For Money‚Äô,Norbert_Metis,https://t.me/Norbert_Metis,UserStatusRecently(),Elena Sinelnikova,elena_cryptochicks,https://t.me/elena_cryptochicks,UserStatusRecently(),Account Under Construction,account_under_construction,https://t.me/account_under_construction,UserStatusRecently(),Kevin,KevinMetisLab,https://t.me/KevinMetisLab,UserStatusRecently(),,,,,,,,,,,,,,,,,,,,,,,,,,,,,,,,,,,,,,,,,,,,,,,,,,,,,,,,
CoinTelegraph,"Lever.Network successfully closes a $600,000 seed funding round",https://t.me/LeverNetwork,Lever Network,True,Sylvester | I Wont pm you first,Pasaift,https://t.me/Pasaift,UserStatusRecently(),‚ô§_¬©Ô∏èPaTHuM_‚ô§ üá±üá∞ | Will Never DM you First ! |,Otherss13,https://t.me/Otherss13,UserStatusRecently(),Diego | Lever.Network,Diego9621,https://t.me/Diego9621,UserStatusRecently(),Adam | Lever Network CMO,adam_lever,https://t.me/adam_lever,UserStatusRecently(),Ade | Lever.Network,technicalwriter1,https://t.me/technicalwriter1,UserStatusRecently(),TG | Lever.Network,TGun43,https://t.me/TGun43,UserStatusRecently(),Jacquelyn ÔΩúLever.Network,Jacquelyn_Cheung,https://t.me/Jacquelyn_Cheung,UserStatusRecently(),Kale | Lever.Network,Kale0Lever,https://t.me/Kale0Lever,UserStatusRecently(),Jeff,creator_0x,https://t.me/creator_0x,UserStatusRecently(),Frank | Lever.Network,movefree,https://t.me/movefree,UserStatusRecently(),Eric | Lever.Network,Eric_Lever,https://t.me/Eric_Lever,UserStatusRecently(),,,,,,,,,,,,,,,,,,,,,,,,,,,,,,,,,,,,,,,,,,,,,,,,,,,,,,,,,,,,,,,,,,,,,,,,
CoinTelegraph,DeFiScale added to HitBTC listing,https://t.me/dfcofficialgroup,DeFiScale - Official group,True,Elle,DeFiScaleTeam,https://t.me/DeFiScaleTeam,UserStatusRecently(),Cindy,Cindy_CM,https://t.me/Cindy_CM,UserStatusRecently(),Dip Mondol,DipMondol19,https://t.me/DipMondol19,UserStatusRecently(),Victoria,Victoria_Yonng,https://t.me/Victoria_Yonng,UserStatusRecently(),DeFiScale Team,defiscale_team,https://t.me/defiscale_team,UserStatusRecently(),CryptoJohn,Johnuche2,https://t.me/Johnuche2,UserStatusRecently(),DeFiScale,DeFiScaleOfficial,https://t.me/DeFiScaleOfficial,UserStatusRecently(),Kbk,P_kbk,https://t.me/P_kbk,UserStatusRecently(),,,,,,,,,,,,,,,,,,,,,,,,,,,,,,,,,,,,,,,,,,,,,,,,,,,,,,,,,,,,,,,,,,,,,,,,,,,,,,,,,,,,
CoinTelegraph,MOAR secures funding to increase DeFi capital efficiency and usability,https://t.me/MOARFinance,MOAR Finance Official Community,True,Bettle | Won't DM you ever,bettle,https://t.me/bettle,UserStatusRecently(),Eji RYL Will never PM you for anything,Swingdon,https://t.me/Swingdon,UserStatusRecently(),Blasco | I will never PM you first! | ü§ñ,dblama,https://t.me/dblama,UserStatusRecently(),DIABLOV [I will never PM you for $$$],sunmonrises,https://t.me/sunmonrises,UserStatusRecently(),Owlbe [ will not message you first without a reason],owlbe,https://t.me/owlbe,UserStatusRecently(),Thomas | I will never pm for funds!,Thomas88888,https://t.me/Thomas88888,UserStatusRecently(),Jason üêØ| Will never DM you first üêØ|,jasonCHY,https://t.me/jasonCHY,UserStatusRecently(),John (Don't respond to dm) L,johnl1,https://t.me/johnl1,UserStatusRecently(),,,,,,,,,,,,,,,,,,,,,,,,,,,,,,,,,,,,,,,,,,,,,,,,,,,,,,,,,,,,,,,,,,,,,,,,,,,,,,,,,,,,
CoinTelegraph,Treasureland market beating the odds in NFT industry,https://t.me/dego_finance,DEGO,True,Farnaz(i never pm first),farazCM,https://t.me/farazCM,UserStatusLastWeek(),Dantes Stan | DON'T PM FOR ETH/$$,justnow09,https://t.me/justnow09,UserStatusRecently(),Kiko,MdexKiko,https://t.me/MdexKiko,UserStatusRecently(),Andy,Andyblue_DEGO,https://t.me/Andyblue_DEGO,UserStatusRecently(),Hai ( I don't Pm first ),HDego,https://t.me/HDego,UserStatusRecently(),Collins,Wingertt,https://t.me/Wingertt,UserStatusRecently(),Fahmi | NEVER PM FIRST ‚ÄºÔ∏è,fahmi2426,https://t.me/fahmi2426,UserStatusRecently(),np,Nparadigm,https://t.me/Nparadigm,UserStatusRecently(),neod1ablo,neod1ablo,https://t.me/neod1ablo,UserStatusRecently(),Dokter Hark $DEGO AMBASSADOR,dokterhark,https://t.me/dokterhark,UserStatusRecently(),Anton De Mel,antondemel99,https://t.me/antondemel99,UserStatusRecently(),Jonathan @Dego,JonathanDego,https://t.me/JonathanDego,UserStatusRecently(),rose,dego_rose,https://t.me/dego_rose,UserStatusLastMonth(),Nicole (I never pm first),Nicole_DEGO,https://t.me/Nicole_DEGO,UserStatusRecently(),Alexis (I will Never DM You),CryptobLabLaa,https://t.me/CryptobLabLaa,UserStatusRecently(),,,,,,,,,,,,,,,,,,,,,,,,,,,,,,,,,,,,,,,,,,,,,,,,,,,,,,,,
CoinTelegraph,"NFT platform Corra raises funds, curates products beyond arts and gaming",http://t.me/corragroupchat,Official Corra Group,True,Justin [-Will not DM You-],Justinbsz,https://t.me/Justinbsz,UserStatusRecently(),Sergey Isaev üçÄ,kapitantopor,https://t.me/kapitantopor,UserStatusRecently(),chcstr- will NOT DM you first-,chcstr,https://t.me/chcstr,UserStatusRecently(),Admin Corra,corra_admin,https://t.me/corra_admin,UserStatusRecently(),ùïÅùï¶ùï§ùï•ùïöùïüùïñ,coinachos,https://t.me/coinachos,UserStatusRecently(),Leventayn Raister,Raister_Leventayn,https://t.me/Raister_Leventayn,UserStatusRecently(),Alfred Khamzin,VectorGC,https://t.me/VectorGC,UserStatusRecently(),Jason,FangGor,https://t.me/FangGor,UserStatusRecently(),,,,,,,,,,,,,,,,,,,,,,,,,,,,,,,,,,,,,,,,,,,,,,,,,,,,,,,,,,,,,,,,,,,,,,,,,,,,,,,,,,,,
CoinTelegraph,The OCC initial decentralized exchange offering ends successfully,https://t.me/occamfi_com,OccamFi Community Group,True,Leander| OccamFi üá™üá¶| I'll never DM you first,leander_occ,https://t.me/leander_occ,UserStatusRecently(),Kornel | OccamFi üáµüá± | I'll never PM you first,cornlg_occ,https://t.me/cornlg_occ,UserStatusRecently(),Thiago Nunes | OccamFi üáßüá∑| admins will never DM first,thiagonunes_occ,https://t.me/thiagonunes_occ,UserStatusRecently(),Aryan | OccamFi |üá©üá™| admins will never DM first,AryanCM,https://t.me/AryanCM,UserStatusRecently(),Ryan|OccamFiüá®üá≥|admins will never DM first,ryanice1,https://t.me/ryanice1,UserStatusRecently(),Occam Quiz,occamquiz,https://t.me/occamquiz,UserStatusRecently(),Shaun | OccamFi | I will never PM first |,ShaunOCCAM,https://t.me/ShaunOCCAM,UserStatusRecently(),Steven | OccamFi | i will never pm you first,StevenOCCAM,https://t.me/StevenOCCAM,UserStatusLastMonth(),Uni | Occam.Fi | I Will Never PM You First,uniOCCAM,https://t.me/uniOCCAM,UserStatusRecently(),Gomez | OccamFi (I will never PM you first),GomezOCCAM,https://t.me/GomezOCCAM,UserStatusRecently(),Tiago S,super_duderino,https://t.me/super_duderino,UserStatusRecently(),Daniel Bose,danielbose,https://t.me/danielbose,UserStatusRecently(),Harvey (Admin - will never PM first),harveyish,https://t.me/harveyish,UserStatusRecently(),Peter | OccamFi [I'll never PM you first],PeterOccamFi,https://t.me/PeterOccamFi,UserStatusRecently(),Tatiana A. - Occam.fi,t_occamfi,https://t.me/t_occamfi,UserStatusRecently(),Nicolas | OccamFi,NicolasR94,https://t.me/NicolasR94,UserStatusRecently(),Marlene Vee,MarleneVee,https://t.me/MarleneVee,UserStatusLastWeek(),,,,,,,,,,,,,,,,,,,,,,,,,,,,,,,,,,,,,,,,,,,,,,,,
CoinTelegraph,Lever: World‚Äôs first AMM-based decentralized margin trading platform,https://t.me/LeverNetwork,Lever Network,True,Sylvester | I Wont pm you first,Pasaift,https://t.me/Pasaift,UserStatusRecently(),‚ô§_¬©Ô∏èPaTHuM_‚ô§ üá±üá∞ | Will Never DM you First ! |,Otherss13,https://t.me/Otherss13,UserStatusRecently(),Diego | Lever.Network,Diego9621,https://t.me/Diego9621,UserStatusRecently(),Adam | Lever Network CMO,adam_lever,https://t.me/adam_lever,UserStatusRecently(),Ade | Lever.Network,technicalwriter1,https://t.me/technicalwriter1,UserStatusRecently(),TG | Lever.Network,TGun43,https://t.me/TGun43,UserStatusRecently(),Jacquelyn ÔΩúLever.Network,Jacquelyn_Cheung,https://t.me/Jacquelyn_Cheung,UserStatusRecently(),Kale | Lever.Network,Kale0Lever,https://t.me/Kale0Lever,UserStatusRecently(),Jeff,creator_0x,https://t.me/creator_0x,UserStatusRecently(),Frank | Lever.Network,movefree,https://t.me/movefree,UserStatusRecently(),Eric | Lever.Network,Eric_Lever,https://t.me/Eric_Lever,UserStatusRecently(),,,,,,,,,,,,,,,,,,,,,,,,,,,,,,,,,,,,,,,,,,,,,,,,,,,,,,,,,,,,,,,,,,,,,,,,
CoinTelegraph,"CrossFi, liquidity empowerment for DeFi",https://t.me/CrossFi_En,CrossFi Global,True,Ethan Zhang,ethanzhang123,https://t.me/ethanzhang123,UserStatusRecently(),Ricky Wang,DODORicky,https://t.me/DODORicky,UserStatusRecently(),Kanpai | SakePerp.fi,kanpai_sake,https://t.me/kanpai_sake,UserStatusRecently(),Monshieur Cross,Panjultea,https://t.me/Panjultea,UserStatusRecently(),Leonie || CRIPTOIZ.NET,ConchitaLeonie,https://t.me/ConchitaLeonie,UserStatusRecently(),Septiyan | Cryptoiz.net,SeptiyanArif,https://t.me/SeptiyanArif,UserStatusRecently(),Pebri | Founder Cryptoiz Marketing Only,pebrycryptoiz,https://t.me/pebrycryptoiz,UserStatusRecently(),Agus artemiss (NEVER PM FIRST) +6289619820616,agus_artemiss,https://t.me/agus_artemiss,UserStatusRecently(),David H,davidhong04,https://t.me/davidhong04,UserStatusRecently(),Cuz Chan,CuzRules,https://t.me/CuzRules,UserStatusRecently(),F C,Henryykim,https://t.me/Henryykim,UserStatusRecently(),,,,,,,,,,,,,,,,,,,,,,,,,,,,,,,,,,,,,,,,,,,,,,,,,,,,,,,,,,,,,,,,,,,,,,,,
CoinTelegraph,DEX leader MDEX integrates Binance Smart Chain,https://t.me/MdexEN,Mdex Global,True,Daisy Chiao,Daisychiao,https://t.me/Daisychiao,UserStatusRecently(),Candice H,GaussSchrodinger,https://t.me/GaussSchrodinger,UserStatusRecently(),Musk @CoinWind,Musk_CoinWind,https://t.me/Musk_CoinWind,UserStatusRecently(),Zel (Community Manager),crypto_zel,https://t.me/crypto_zel,UserStatusRecently(),Kiko,MdexKiko,https://t.me/MdexKiko,UserStatusRecently(),Anh,peteranh910,https://t.me/peteranh910,UserStatusRecently(),Amy X,amy255,https://t.me/amy255,UserStatusRecently(),Lawrence Tang,Lawrence2016,https://t.me/Lawrence2016,UserStatusRecently(),Victoria,Victoria_Yonng,https://t.me/Victoria_Yonng,UserStatusRecently(),Sarah Huang,xtthssxxx,https://t.me/xtthssxxx,UserStatusRecently(),Dantes Stan | DON'T PM FOR ETH/$$,justnow09,https://t.me/justnow09,UserStatusRecently(),Huge @MDEX,huge112,https://t.me/huge112,UserStatusRecently(),,,,,,,,,,,,,,,,,,,,,,,,,,,,,,,,,,,,,,,,,,,,,,,,,,,,,,,,,,,,,,,,,,,,
CoinTelegraph,DEX leader MDEX integrates Binance Smart Chain,https://t.me/MixDex,Mdex ‰∏≠ÊñáÁæ§,True,Â§ß ÁÜä,ArchmageZ,https://t.me/ArchmageZ,UserStatusRecently(),Gina chan,md_748,https://t.me/md_748,UserStatusRecently(),ÂÖâÂΩ±,lzdf888,https://t.me/lzdf888,UserStatusRecently(),È¨º È¨º,ghost0090,https://t.me/ghost0090,UserStatusRecently(),Victoria,Victoria_Yonng,https://t.me/Victoria_Yonng,UserStatusRecently(),,,,,,,,,,,,,,,,,,,,,,,,,,,,,,,,,,,,,,,,,,,,,,,,,,,,,,,,,,,,,,,,,,,,,,,,,,,,,,,,,,,,,,,,,,,,,,,,
CoinTelegraph,Egoras raises $1.3M in private round,https://t.me/egorasmarket,Egoras‚Ñ¢,True,Alaneme Chidera,Alanderah,https://t.me/Alanderah,UserStatusLastMonth(),Sai,saimaxnode,https://t.me/saimaxnode,UserStatusLastWeek(),miss Nivie,Nivi_e,https://t.me/Nivi_e,UserStatusRecently(),Ogbonne Uma Egoras,Belle_egoras,https://t.me/Belle_egoras,UserStatusLastMonth(),Boss Man¬Æ,bossalike,https://t.me/bossalike,UserStatusRecently(),Harry | Egoras‚Ñ¢,harryugoji,https://t.me/harryugoji,UserStatusRecently(),Victor| Egoras‚Ñ¢,Og_ry,https://t.me/Og_ry,UserStatusRecently(),,,,,,,,,,,,,,,,,,,,,,,,,,,,,,,,,,,,,,,,,,,,,,,,,,,,,,,,,,,,,,,,,,,,,,,,,,,,,,,,,,,,,,,,
CoinTelegraph,Alium Finance raises $2.2M during private round,https://t.me/aliumswap_official,AliumSwap Official ENG üá¨üáß,True,J√°n Moravec,jan_aliumswap,https://t.me/jan_aliumswap,UserStatusRecently(),Stacie üåü AliumFinance,stacie_alium,https://t.me/stacie_alium,UserStatusRecently(),ALEX,Akents,https://t.me/Akents,UserStatusRecently(),Logan K || NO DMs!,TheUnnamed1,https://t.me/TheUnnamed1,UserStatusRecently(),Sylvester | I Wont pm you first,Pasaift,https://t.me/Pasaift,UserStatusRecently(),Baru≈°ka Hor√°k,horak_baruska,https://t.me/horak_baruska,UserStatusRecently(),Magician,realmagician,https://t.me/realmagician,UserStatusRecently(),,,,,,,,,,,,,,,,,,,,,,,,,,,,,,,,,,,,,,,,,,,,,,,,,,,,,,,,,,,,,,,,,,,,,,,,,,,,,,,,,,,,,,,,
CoinTelegraph,Mimo DeFi protocol: The world‚Äôs first decentralized euro stablecoin,https://t.me/mimodefi,Mimo,True,Biscuit Mimo,Biscuit_Mimo,https://t.me/Biscuit_Mimo,UserStatusRecently(),YaYa_Mimo,Ya_Mimo_Defi,https://t.me/Ya_Mimo_Defi,UserStatusRecently(),Nick,NickCalabs,https://t.me/NickCalabs,UserStatusRecently(),Y,Y_Mimo,https://t.me/Y_Mimo,UserStatusRecently(),Fabs,fm_funnelhacker,https://t.me/fm_funnelhacker,UserStatusRecently(),Thomas_Mimo,Thomas_Mimo,https://t.me/Thomas_Mimo,UserStatusRecently(),,,,,,,,,,,,,,,,,,,,,,,,,,,,,,,,,,,,,,,,,,,,,,,,,,,,,,,,,,,,,,,,,,,,,,,,,,,,,,,,,,,,,,,,,,,,
CoinTelegraph,Climb Token: Revolution in the DeFi world,https://t.me/climbtoken,‚úÖ CLIMB TOKEN . FINANCE,True,Assistant: Clinton (CLIMB TOKEN . FINANCE),clintonclimbtoken,https://t.me/clintonclimbtoken,UserStatusRecently(),Christian (CLIMB TOKEN . FINANCE),Christianclimbtoken,https://t.me/Christianclimbtoken,UserStatusLastWeek(),Edgar (CLIMB TOKEN . FINANCE),edgarclimbtoken,https://t.me/edgarclimbtoken,UserStatusRecently(),Peak Climber,PeakClimber,https://t.me/PeakClimber,UserStatusLastMonth(),rock climber üßóüèº,climberock,https://t.me/climberock,UserStatusRecently(),,,,,,,,,,,,,,,,,,,,,,,,,,,,,,,,,,,,,,,,,,,,,,,,,,,,,,,,,,,,,,,,,,,,,,,,,,,,,,,,,,,,,,,,,,,,,,,,
CoinTelegraph,BitMax relaunches as AscendEx,https://t.me/AscendEXEnglish,AscendEX (formerly BitMax) English Official,True,Sagor {I WELL NEVER DM YOU FOR MONEY},Smsagor7,https://t.me/Smsagor7,UserStatusRecently(),Mary Zheng,MaryZheng,https://t.me/MaryZheng,UserStatusRecently(),Malina Saiming,MalinaSaiming,https://t.me/MalinaSaiming,UserStatusRecently(),Jay Kubert | AscendEX (BitMax) - Sr. BD,jaykubert,https://t.me/jaykubert,UserStatusRecently(),Owlbe [ will not message you first without a reason],owlbe,https://t.me/owlbe,UserStatusRecently(),Manny - i …¥·¥á·¥†·¥á Ä ·¥ò·¥ç “ì…™ Äs·¥õ!!!,MannyMcoy,https://t.me/MannyMcoy,UserStatusRecently(),784959E7 üëΩ | I will never PM you first |,yetmissekiz,https://t.me/yetmissekiz,UserStatusRecently(),Shane Molidor - AscendEX (BitMax),shanemolidor,https://t.me/shanemolidor,UserStatusRecently(),Bonna Zhu,BonnaZhu,https://t.me/BonnaZhu,UserStatusRecently(),≈æiga,o2ziga,https://t.me/o2ziga,UserStatusRecently(),Blasco | I will never PM you first! | ü§ñ,dblama,https://t.me/dblama,UserStatusRecently(),AscendEX Support (won't PM you first),AscendEX_Official,https://t.me/AscendEX_Official,UserStatusRecently(),Jasmine,jasminema,https://t.me/jasminema,UserStatusRecently(),George Cao,BmaxHeat,https://t.me/BmaxHeat,UserStatusRecently(),,,,,,,,,,,,,,,,,,,,,,,,,,,,,,,,,,,,,,,,,,,,,,,,,,,,,,,,,,,,
CoinTelegraph,PolkaCity - A virtual city where everything is possible,https://t.me/Polkacity,PolkaCity,True,Chase AmaZix,chase_4D,https://t.me/chase_4D,UserStatusRecently(),Ruona AmaZix,Ogheneruona,https://t.me/Ogheneruona,UserStatusRecently(),Enobee AmaZix,eno_bee,https://t.me/eno_bee,UserStatusRecently(),Chris AmaZix,Parbey,https://t.me/Parbey,UserStatusRecently(),Isaac AmaZix,IsaacEssuman,https://t.me/IsaacEssuman,UserStatusRecently(),Jonny AmaZix,Canaricolor,https://t.me/Canaricolor,UserStatusRecently(),Clara AmaZix,claralausy,https://t.me/claralausy,UserStatusRecently(),Josh AmaZix,edisonbell,https://t.me/edisonbell,UserStatusRecently(),Essa AmaZix,lourdessaBB,https://t.me/lourdessaBB,UserStatusRecently(),Diogo AmaZix,obsAmaZix,https://t.me/obsAmaZix,UserStatusRecently(),Larry AmaZix,heelaree,https://t.me/heelaree,UserStatusRecently(),Lance POLC,LancePOLC,https://t.me/LancePOLC,UserStatusRecently(),Polkacity Community Support,PolkacitySupport,https://t.me/PolkacitySupport,UserStatusRecently(),Noah POLC,PolkaCityCMO,https://t.me/PolkaCityCMO,UserStatusRecently(),cmiLian DEV,POLCDEV,https://t.me/POLCDEV,UserStatusRecently(),Fatih POLC Admins Never DM You First.,POLCadmin,https://t.me/POLCadmin,UserStatusRecently(),,,,,,,,,,,,,,,,,,,,,,,,,,,,,,,,,,,,,,,,,,,,,,,,,,,,
CoinTelegraph,DeFi project CherrySwap announces $3M funding and listing on OKExChain,https://t.me/cherryswap_1st/,CherrySwap,True,Steve Rogers,Stevewolf69,https://t.me/Stevewolf69,UserStatusRecently(),Tony Stark,TS_stark,https://t.me/TS_stark,UserStatusRecently(),Jk Jason,JkJason01,https://t.me/JkJason01,UserStatusRecently(),Hunter,Hunter_production,https://t.me/Hunter_production,UserStatusRecently(),CherrySwap-sheldor,sheldorpan,https://t.me/sheldorpan,UserStatusRecently(),,,,,,,,,,,,,,,,,,,,,,,,,,,,,,,,,,,,,,,,,,,,,,,,,,,,,,,,,,,,,,,,,,,,,,,,,,,,,,,,,,,,,,,,,,,,,,,,
CoinTelegraph,Epik aims to empower a new infrastructure of cognitive intelligence,https://t.me/EpikProtocol,EpiK Official Field,True,Gabriel,Toyemikky,https://t.me/Toyemikky,UserStatusRecently(),Sam Jia,SamJia,https://t.me/SamJia,UserStatusRecently(),Yan Do,Yanxuxue,https://t.me/Yanxuxue,UserStatusLastWeek(),Jack,ddsirs3,https://t.me/ddsirs3,UserStatusRecently(),James EpiK,EpiK_James,https://t.me/EpiK_James,,XiaoXia ÊôìÂ§è,Xiaoxia001,https://t.me/Xiaoxia001,UserStatusRecently(),,,,,,,,,,,,,,,,,,,,,,,,,,,,,,,,,,,,,,,,,,,,,,,,,,,,,,,,,,,,,,,,,,,,,,,,,,,,,,,,,,,,,,,,,,,,
CoinTelegraph,"A review of Bifrost‚Äôs 2nd mint drop, which locked-up over $27 million",https://t.me/bifrost_finance,Bifrost Official,True,Real Lurpis @ Bifrost,lurpis,https://t.me/lurpis,UserStatusRecently(),Yancy,tiemmmmm,https://t.me/tiemmmmm,UserStatusRecently(),Weel - Ross M (I will not DM you first),Weelecht,https://t.me/Weelecht,UserStatusRecently(),Gilang (I will never DM you),venomousz,https://t.me/venomousz,UserStatusRecently(),Maarten (I will never PM first!),Fiexer,https://t.me/Fiexer,UserStatusRecently(),Alex PromoTeam,AlexPromoTeam,https://t.me/AlexPromoTeam,UserStatusRecently(),Bonnie@Bifrost,irend00,https://t.me/irend00,UserStatusRecently(),Bifrost Network,bifrost_network_bot,https://t.me/bifrost_network_bot,,,,,,,,,,,,,,,,,,,,,,,,,,,,,,,,,,,,,,,,,,,,,,,,,,,,,,,,,,,,,,,,,,,,,,,,,,,,,,,,,,,,,
CoinTelegraph,How does Epik Protocol implement the Filecoin layer-two network?,https://t.me/EpikProtocol,EpiK Official Field,True,Gabriel,Toyemikky,https://t.me/Toyemikky,UserStatusRecently(),Sam Jia,SamJia,https://t.me/SamJia,UserStatusRecently(),Yan Do,Yanxuxue,https://t.me/Yanxuxue,UserStatusLastWeek(),Jack,ddsirs3,https://t.me/ddsirs3,UserStatusRecently(),James EpiK,EpiK_James,https://t.me/EpiK_James,,XiaoXia ÊôìÂ§è,Xiaoxia001,https://t.me/Xiaoxia001,UserStatusRecently(),,,,,,,,,,,,,,,,,,,,,,,,,,,,,,,,,,,,,,,,,,,,,,,,,,,,,,,,,,,,,,,,,,,,,,,,,,,,,,,,,,,,,,,,,,,,
CoinTelegraph,Konomi Network raises $5 million and launches an initial DEX offering,https://t.me/konominetwork,Konomi Network,True,Hendra | Never PM you first,Hendra_MD29,https://t.me/Hendra_MD29,UserStatusRecently(),Scarlett | CinchBlock,scarlettcinch,https://t.me/scarlettcinch,UserStatusRecently(),Raze (Admin Never Dm's First),Raze_05,https://t.me/Raze_05,UserStatusLastMonth(),Denise | Will never PM you for funds |,black_denise,https://t.me/black_denise,UserStatusRecently(),Alpha Bobi | I NEVER DM FIRST |,alphacm5,https://t.me/alphacm5,UserStatusRecently(),Aden Stephens (admin never PM first),AdenStephens,https://t.me/AdenStephens,UserStatusLastWeek(),SubZero Never PM First,SubzeroCM,https://t.me/SubzeroCM,UserStatusRecently(),Frances I CinchBlock,FrancesCinch,https://t.me/FrancesCinch,UserStatusRecently(),Ryze Warp (Admin Never Dm's First),Ryzewarp,https://t.me/Ryzewarp,UserStatusRecently(),Jago | CinchBlock,jagocinch,https://t.me/jagocinch,UserStatusRecently(),Kels Ivan,kelsivany,https://t.me/kelsivany,,Zee,zee_cm,https://t.me/zee_cm,,A86,stonk43,https://t.me/stonk43,UserStatusLastMonth(),Jack,jackblock,https://t.me/jackblock,UserStatusRecently(),CryptoDonkey,CryptoDDonkey,https://t.me/CryptoDDonkey,UserStatusRecently(),Winchester | will Never PM first,Sylvhi,https://t.me/Sylvhi,UserStatusRecently(),Tony | CinchBlock,TonyCinch,https://t.me/TonyCinch,UserStatusRecently(),Joe,Joe_lcn,https://t.me/Joe_lcn,UserStatusLastWeek(),Jeremy | Cinchblock,JeremyCinch,https://t.me/JeremyCinch,UserStatusRecently(),Calvin | CinchBlock,CalvinCinch,https://t.me/CalvinCinch,UserStatusRecently(),Emma Qing,emmalicious2,https://t.me/emmalicious2,UserStatusRecently(),‚ö° Kien ‚ö°| Will Never DM You First,extreme2323,https://t.me/extreme2323,UserStatusRecently(),AJ,AJay_raga,https://t.me/AJay_raga,UserStatusRecently(),Scarce,ScarcelySparse,https://t.me/ScarcelySparse,UserStatusRecently(),Nh,ndhhere,https://t.me/ndhhere,UserStatusRecently(),Yuqing,yuqingz,https://t.me/yuqingz,UserStatusRecently(),Jane,Jane_009,https://t.me/Jane_009,UserStatusRecently(),Ariel HO,riverun,https://t.me/riverun,UserStatusLastWeek(),Jayden | Never Pm for fund,yige910627,https://t.me/yige910627,UserStatusRecently()
CoinTelegraph,Next.chain: A blockchain with lightning-fast transactions at low costs,https://t.me/nextchain,NEXT.chain,True,GEMS SEEKER,GemsSeeker,https://t.me/GemsSeeker,UserStatusRecently(),Sezar,humoyunjonbek,https://t.me/humoyunjonbek,UserStatusRecently(),Aaron,guyatlantic,https://t.me/guyatlantic,UserStatusLastWeek(),max,maxxxcap,https://t.me/maxxxcap,UserStatusRecently(),Dux,dux23,https://t.me/dux23,UserStatusRecently(),Johannes Schmidt,draculeruehl,https://t.me/draculeruehl,UserStatusRecently(),Robert Bronner,robertorange949,https://t.me/robertorange949,UserStatusRecently(),Raiders,Raiders_Reloaded,https://t.me/Raiders_Reloaded,UserStatusRecently(),JD Rebel,JD_Rebel,https://t.me/JD_Rebel,UserStatusRecently(),,,,,,,,,,,,,,,,,,,,,,,,,,,,,,,,,,,,,,,,,,,,,,,,,,,,,,,,,,,,,,,,,,,,,,,,,,,,,,,,
CoinTelegraph,Insurance marketplace Tidal Finance raises additional $1.8 million,https://t.me/TidalGlobal,Tidal Global Community,True,CM | UDI (Will never dm you asking for funds),CHUECD,https://t.me/CHUECD,UserStatusRecently(),Matt,jenkins_wave,https://t.me/jenkins_wave,UserStatusRecently(),Adi,Mercule,https://t.me/Mercule,UserStatusRecently(),Yosefina K,yosefinakim,https://t.me/yosefinakim,UserStatusRecently(),D.R.,draykh,https://t.me/draykh,UserStatusRecently(),Andrew Gan,andrewgan2020,https://t.me/andrewgan2020,UserStatusRecently(),Naga | Will Never Pm First,Nagacrypto,https://t.me/Nagacrypto,UserStatusRecently(),Darshan (Won't Ask For ETH/Money),Darshanb77,https://t.me/Darshanb77,UserStatusRecently(),Chad Liu,chadliu638,https://t.me/chadliu638,UserStatusRecently(),,,,,,,,,,,,,,,,,,,,,,,,,,,,,,,,,,,,,,,,,,,,,,,,,,,,,,,,,,,,,,,,,,,,,,,,,,,,,,,,
CoinTelegraph,VRM delivers big crypto buys with minimal market impact as volumes surge,https://t.me/fly_global,Fly x BlackOcean Public Group,True,Zac Zou,yumen714,https://t.me/yumen714,UserStatusRecently(),Gytis,PanicoBancario,https://t.me/PanicoBancario,UserStatusRecently(),Carlos P,crypto_comunity_manager,https://t.me/crypto_comunity_manager,UserStatusRecently(),Zlatko Kosar,zlatko90,https://t.me/zlatko90,UserStatusRecently(),Christina Dolya,ChrisDolya,https://t.me/ChrisDolya,UserStatusRecently(),Aina,AinaLeung,https://t.me/AinaLeung,UserStatusRecently(),Russel,Masterpiiece,https://t.me/Masterpiiece,UserStatusRecently(),Moses Smith,Moses_Smith,https://t.me/Moses_Smith,UserStatusRecently(),Shawn,Shawntw,https://t.me/Shawntw,UserStatusRecently(),Zac,yumen713,https://t.me/yumen713,UserStatusRecently(),FLY Global,flytoken_global,https://t.me/flytoken_global,UserStatusLastMonth(),Vladimir Demin,vdemin137,https://t.me/vdemin137,UserStatusRecently(),Andrew G,andrewg5577,https://t.me/andrewg5577,UserStatusRecently(),,,,,,,,,,,,,,,,,,,,,,,,,,,,,,,,,,,,,,,,,,,,,,,,,,,,,,,,,,,,,,,,
CoinTelegraph,Bear Games is using DeFi NFT gaming to change the narratives for NFTs,https://t.me/BearGamesChat,Bear Games üêªüéÆ,True,Paw Captain üë®‚Äç‚úàÔ∏è,PawCapt,https://t.me/PawCapt,UserStatusRecently(),,,,,,,,,,,,,,,,,,,,,,,,,,,,,,,,,,,,,,,,,,,,,,,,,,,,,,,,,,,,,,,,,,,,,,,,,,,,,,,,,,,,,,,,,,,,,,,,,,,,,,,,,,,,,,,,
CoinTelegraph,Launchpool enables egalitarian investments for all stakeholders,https://t.me/launchpoolxyz,Launchpool Community,True,Hugerole üöÄ I will never DM you first,cryptossional,https://t.me/cryptossional,UserStatusRecently(),CryptoManiac,PAlegit,https://t.me/PAlegit,UserStatusRecently(),Crypto Gangster (I NEVER DM 1ST),cryptogangstercm,https://t.me/cryptogangstercm,UserStatusRecently(),Xpoter | never DM First,XpoterCM,https://t.me/XpoterCM,UserStatusRecently(),obscitas,obscitas,https://t.me/obscitas,UserStatusRecently(),Liezel,liezel0414,https://t.me/liezel0414,UserStatusRecently(),AlphaShark - Alphabit Fund,Supertrooper0212,https://t.me/Supertrooper0212,UserStatusRecently(),Haminu,Hamin003,https://t.me/Hamin003,UserStatusRecently(),Declan Franco | Will Never PM You First,Decklann,https://t.me/Decklann,,Emmanuel <> Bliss,sieemma,https://t.me/sieemma,UserStatusRecently(),Ikeman (I will Never DM You First for anything),BLACKGEE,https://t.me/BLACKGEE,UserStatusRecently(),Dac // I Never DM First,Dacosta95,https://t.me/Dacosta95,UserStatusRecently(),Richy [ I will never DM you & ask for funds],weMove10,https://t.me/weMove10,UserStatusRecently(),Roxana Nasoi [#TheHat #NFTcritic],roxananasoi,https://t.me/roxananasoi,UserStatusRecently(),Didz ( Will never message you first ),Didz_LaunchPool,https://t.me/Didz_LaunchPool,UserStatusRecently(),Ji,JR_DeFi,https://t.me/JR_DeFi,UserStatusRecently(),Neill( Will never DM you first ),Neillcb,https://t.me/Neillcb,UserStatusRecently(),A L,AL60648857,https://t.me/AL60648857,UserStatusRecently(),Prof K üë®üèª‚Äçüè´ Fomocrafty Fella,Prof_K933,https://t.me/Prof_K933,UserStatusRecently(),Joe Wong,KhunJoe,https://t.me/KhunJoe,UserStatusRecently(),Winchester | will Never PM first,Sylvhi,https://t.me/Sylvhi,UserStatusRecently(),Calyx,Calyx1,https://t.me/Calyx1,UserStatusRecently(),Liam Alphabit,TheRealAlphaboy,https://t.me/TheRealAlphaboy,UserStatusRecently(),Rich never ever DMs first,Rich_Launchpool,https://t.me/Rich_Launchpool,UserStatusRecently(),Geraldinsx,Geraldinsx,https://t.me/Geraldinsx,UserStatusLastWeek(),Calvin | CinchBlock,CalvinCinch,https://t.me/CalvinCinch,UserStatusRecently(),,,,,,,,,,,,
CoinTelegraph,"YFX, the DEX that offers 100x trading leverage on perpetual contracts",https://t.me/YFX_EN,YFX Protocol,True,Moses Smith,Moses_Smith,https://t.me/Moses_Smith,UserStatusRecently(),R.L.,RLBryer,https://t.me/RLBryer,UserStatusRecently(),HiddenKiller || YFX Admin Will Never DM You First,HiddenKiller09,https://t.me/HiddenKiller09,UserStatusRecently(),„Ç∑„É≠ „Çª„Ç§,haruka299,https://t.me/haruka299,UserStatusRecently(),Mihaylov,mihaylov_yfx,https://t.me/mihaylov_yfx,UserStatusRecently(),happy T,pangpang886,https://t.me/pangpang886,UserStatusRecently(),,,,,,,,,,,,,,,,,,,,,,,,,,,,,,,,,,,,,,,,,,,,,,,,,,,,,,,,,,,,,,,,,,,,,,,,,,,,,,,,,,,,,,,,,,,,
CoinTelegraph,Join PeakDeFi - A safer way to grow your wealth,https://t.me/peakdefi_official,PEAKDEFI Official,True,Rob,rob_ernst,https://t.me/rob_ernst,UserStatusRecently(),Jonas | PEAKDEFI,JonasPEAKDEFI,https://t.me/JonasPEAKDEFI,UserStatusRecently(),,,,,,,,,,,,,,,,,,,,,,,,,,,,,,,,,,,,,,,,,,,,,,,,,,,,,,,,,,,,,,,,,,,,,,,,,,,,,,,,,,,,,,,,,,,,,,,,,,,,,,,,,,,,
CoinTelegraph,Coinbase Custody to support Dvision Network (DVI),https://t.me/dvisionnetworkglobal,Dvision Network - Community (En),True,Jeff,Jeff_Unstoppable,https://t.me/Jeff_Unstoppable,UserStatusRecently(),Brian (Dvision Network),BrianDvision,https://t.me/BrianDvision,UserStatusRecently(),,,,,,,,,,,,,,,,,,,,,,,,,,,,,,,,,,,,,,,,,,,,,,,,,,,,,,,,,,,,,,,,,,,,,,,,,,,,,,,,,,,,,,,,,,,,,,,,,,,,,,,,,,,,
CoinTelegraph,Cocoricos skyrockets Ether staking adoption with a 142% APY,https://t.me/bycocoricos,EGG Protocol (previously Cocoricos) ‚ö°Ô∏è,True,Zadig22,Zadig22,https://t.me/Zadig22,UserStatusRecently(),egghodl | egg.fi (I never DM first),egghodl,https://t.me/egghodl,UserStatusRecently(),Angel (I never dm first),dharma_angel,https://t.me/dharma_angel,UserStatusRecently(),Sean Barbara,SeanBarbara,https://t.me/SeanBarbara,UserStatusRecently(),Pierre Notton,Pierre540,https://t.me/Pierre540,UserStatusRecently(),,,,,,,,,,,,,,,,,,,,,,,,,,,,,,,,,,,,,,,,,,,,,,,,,,,,,,,,,,,,,,,,,,,,,,,,,,,,,,,,,,,,,,,,,,,,,,,,
CoinTelegraph,Verox is building a crypto and Defi AI investment manager,https://t.me/veroxgroup,VeroxAI Official,True,Paul,donpaublo,https://t.me/donpaublo,UserStatusRecently(),Tony,VRX_will_do_YFI_numbers,https://t.me/VRX_will_do_YFI_numbers,UserStatusRecently(),Honey,Tuktuk45,https://t.me/Tuktuk45,UserStatusRecently(),DrLeeCrypto,DrLeeCrypto,https://t.me/DrLeeCrypto,UserStatusRecently(),Thomas | (Will never DM first),ThomasArrrh,https://t.me/ThomasArrrh,UserStatusRecently(),Nick,VeroxNick,https://t.me/VeroxNick,UserStatusRecently(),Mochi Crypto | VEROX,MochCrypto,https://t.me/MochCrypto,UserStatusRecently(),Evan | Verox (Will never DM first),eperks,https://t.me/eperks,UserStatusRecently(),Verox,Sniper_Investing,https://t.me/Sniper_Investing,UserStatusRecently(),,,,,,,,,,,,,,,,,,,,,,,,,,,,,,,,,,,,,,,,,,,,,,,,,,,,,,,,,,,,,,,,,,,,,,,,,,,,,,,,
CoinTelegraph,AnRKey X‚Ñ¢ lists native token $ANRX on Bithumb Global and Uniswap,https://t.me/anrkeyxofficial,AnRKey X Official English,True,D'Mann | AnRKey X,jtaccount2,https://t.me/jtaccount2,UserStatusRecently(),Akhil,Baltuzar,https://t.me/Baltuzar,UserStatusRecently(),BlAckHeArT | AnRKey X ‚ù§Ô∏è,BlackHeart0201,https://t.me/BlackHeart0201,UserStatusRecently(),Piyush,vejovis,https://t.me/vejovis,UserStatusRecently(),scarlet,scarletwru,https://t.me/scarletwru,UserStatusRecently(),Jay-Pee,JPforbes,https://t.me/JPforbes,UserStatusRecently(),ùêÇùêöùê¨ùê≠ùê•ùêûùê¨ | ùêÄùêßùêëùêäùêûùê≤ ùêó,CryptoCastles,https://t.me/CryptoCastles,UserStatusRecently(),J.D. Salbego-AnRKey X-CEO,jdsalbego,https://t.me/jdsalbego,UserStatusRecently(),,,,,,,,,,,,,,,,,,,,,,,,,,,,,,,,,,,,,,,,,,,,,,,,,,,,,,,,,,,,,,,,,,,,,,,,,,,,,,,,,,,,
CoinTelegraph,BlockDown is coming to Latin America this November,https://t.me/blockdown_esp,Blockdown Espa√±ol,True,Magal√≠ Herrera,MeDicenMaga,https://t.me/MeDicenMaga,UserStatusRecently(),Erhan - EAK (Blockchain PR & BlockDown),EAK_Erhan,https://t.me/EAK_Erhan,UserStatusRecently(),Carelin Garc√≠a,CarelinGarcia,https://t.me/CarelinGarcia,UserStatusRecently(),,,,,,,,,,,,,,,,,,,,,,,,,,,,,,,,,,,,,,,,,,,,,,,,,,,,,,,,,,,,,,,,,,,,,,,,,,,,,,,,,,,,,,,,,,,,,,,,,,,,,,,,
CoinTelegraph,Walletreum is live - Road to financial freedom with DeFi & AI,https://t.me/walletreum,Walletreum,True,Admin Crypto,AdmCrypto6,https://t.me/AdmCrypto6,,Maxim Tarasyuk,BqyMeKax,https://t.me/BqyMeKax,,,,,,,,,,,,,,,,,,,,,,,,,,,,,,,,,,,,,,,,,,,,,,,,,,,,,,,,,,,,,,,,,,,,,,,,,,,,,,,,,,,,,,,,,,,,,,,,,,,,,,,,,,,,,
CoinTelegraph,CyberVein launches first-of-a-kind decentralized NFT issuance platform,https://t.me/CyberVeinCommunity,CyberVein (CVT) Community,True,Eshal Kakar,Eshal013,https://t.me/Eshal013,UserStatusRecently(),Rabi~ CRYPTO EAGLES,Rabea1800,https://t.me/Rabea1800,UserStatusRecently(),Naveed Ahmad,Arham87,https://t.me/Arham87,UserStatusRecently(),Arslan üáµüá∞,Arslan_Jutt,https://t.me/Arslan_Jutt,UserStatusRecently(),Hamid,hamidowaisi,https://t.me/hamidowaisi,UserStatusRecently(),Mano Samimaüíï,Unknowngirl100,https://t.me/Unknowngirl100,UserStatusRecently(),Syeda Ayesha,syedzaadi09,https://t.me/syedzaadi09,UserStatusRecently(),ùòºùôßùôóùôñùôó ùòºùô®ùô°ùôñùô¢,Arbab223,https://t.me/Arbab223,UserStatusRecently(),Marriyam Mano ($ROUL),princessaima,https://t.me/princessaima,UserStatusRecently(),Kamran Akbar,kamran503,https://t.me/kamran503,UserStatusRecently(),Grace Jung,Grace_Jung,https://t.me/Grace_Jung,UserStatusRecently(),Rachel yu,RachelYu,https://t.me/RachelYu,,Deno,denoghi,https://t.me/denoghi,UserStatusRecently(),Nenad ‚Ñùùïöùï§ùï•ùïöùïî,NenadRistic,https://t.me/NenadRistic,UserStatusRecently(),Jack Ge,sephirothg,https://t.me/sephirothg,UserStatusLastWeek(),AlwaysMooning,PurpleAppleTree,https://t.me/PurpleAppleTree,UserStatusRecently(),Lynn Lin,LynnLin133,https://t.me/LynnLin133,UserStatusRecently(),,,,,,,,,,,,,,,,,,,,,,,,,,,,,,,,,,,,,,,,,,,,,,,,
CoinTelegraph,Multiplier Is Incentivising Yield Farmers with MXX Tokens From July 29,https://t.me/themultiplierio,Multiplier,True,Kuldeep | Multiplier.Finance,kd23907,https://t.me/kd23907,UserStatusRecently(),Salvin,salvinang,https://t.me/salvinang,UserStatusRecently(),Sam Peele,SamPeele99,https://t.me/SamPeele99,UserStatusRecently(),"Finball (I'm a scammer, if I DM YOU!!)",Finball,https://t.me/Finball,UserStatusRecently(),Yewnan | Multiplier.Finance,YewnanMultiplier,https://t.me/YewnanMultiplier,UserStatusRecently(),Oldah | Multiplier,oldah,https://t.me/oldah,UserStatusRecently(),KRIT WAN,nineium,https://t.me/nineium,UserStatusRecently(),Kimxx | Mulitplier.finance,kimmultiplier,https://t.me/kimmultiplier,UserStatusRecently(),,,,,,,,,,,,,,,,,,,,,,,,,,,,,,,,,,,,,,,,,,,,,,,,,,,,,,,,,,,,,,,,,,,,,,,,,,,,,,,,,,,,
CoinTelegraph,BlockConf DIGITAL Disrupts Lockdown With a 48-hours Online Conference,https://t.me/blockconfDigital,BlockConf DIGITAL 2020,True,Mar√≠a V,Maritu92,https://t.me/Maritu92,UserStatusRecently(),Elena Obukhova,eobukhova,https://t.me/eobukhova,UserStatusRecently(),Juan Manuel Dominguez,JuanMDominguez,https://t.me/JuanMDominguez,UserStatusRecently(),,,,,,,,,,,,,,,,,,,,,,,,,,,,,,,,,,,,,,,,,,,,,,,,,,,,,,,,,,,,,,,,,,,,,,,,,,,,,,,,,,,,,,,,,,,,,,,,,,,,,,,,
CoinTelegraph,Ravencoin Joins the Ranks of 150+ Exchangeable Cryptos on Changelly.com,https://t.me/RavencoinDev,Ravencoin,True,Jeroz (check my bio),Jeroz1,https://t.me/Jeroz1,UserStatusRecently(),Synicide,Synicide,https://t.me/Synicide,UserStatusLastMonth(),Pho3nix Monk3y,pho3nixmonk3y,https://t.me/pho3nixmonk3y,,Mango Farm,MangoFarmAssets,https://t.me/MangoFarmAssets,UserStatusRecently(),shiny,shiny_tokens,https://t.me/shiny_tokens,UserStatusRecently(),LSJI07,lsji07,https://t.me/lsji07,UserStatusRecently(),Nonprophete,Nonprophete,https://t.me/Nonprophete,UserStatusRecently(),Ondalf Stardust,Ondalf,https://t.me/Ondalf,UserStatusRecently(),Scotty,Scotty0448,https://t.me/Scotty0448,UserStatusRecently(),Bianca_NL,Bianca_NL,https://t.me/Bianca_NL,UserStatusLastWeek(),Tron (RVN),RavenTron,https://t.me/RavenTron,UserStatusLastMonth(),linky,linky_btc,https://t.me/linky_btc,UserStatusRecently(),,,,,,,,,,,,,,,,,,,,,,,,,,,,,,,,,,,,,,,,,,,,,,,,,,,,,,,,,,,,,,,,,,,,
CoinTelegraph,"Jolting the Insurance Industry, One Better Driver at a Time",https://t.me/joltee_chat,Joltee Chat,True,Ian AmaZix,Ian_D_UK,https://t.me/Ian_D_UK,UserStatusRecently(),Carlo AmaZix,Catch21,https://t.me/Catch21,UserStatusRecently(),Nexy AmaZix,NexyAma,https://t.me/NexyAma,UserStatusRecently(),Stark AmaZix,iamgekko,https://t.me/iamgekko,UserStatusRecently(),Joshua AmaZix,JanuaryN,https://t.me/JanuaryN,UserStatusRecently(),Larry AmaZix,heelaree,https://t.me/heelaree,UserStatusRecently(),Diogo AmaZix,obsAmaZix,https://t.me/obsAmaZix,UserStatusRecently(),Wil AmaZix,WTRLighting,https://t.me/WTRLighting,UserStatusRecently(),Andr√© Luiz,andreldsg,https://t.me/andreldsg,UserStatusRecently(),Thomas Miconnet,ThomasMiconnet,https://t.me/ThomasMiconnet,UserStatusRecently(),C√©dric MAVOUNGOU,MCedric,https://t.me/MCedric,UserStatusLastMonth(),Florent Joltee,flosej,https://t.me/flosej,UserStatusRecently(),Soundar Adavane,sound_ad,https://t.me/sound_ad,UserStatusRecently(),,,,,,,,,,,,,,,,,,,,,,,,,,,,,,,,,,,,,,,,,,,,,,,,,,,,,,,,,,,,,,,,
CoinTelegraph,The Birth of the New Token ARCS,https://t.me/ARCS_ARX_EN,ARCS (ARX) English,True,ARCS Team,arcsteam,https://t.me/arcsteam,UserStatusRecently(),Mattoluüé≠,Matttolu,https://t.me/Matttolu,UserStatusRecently(),Bekoey | Will not PM you first!,Bekoey21,https://t.me/Bekoey21,UserStatusRecently(),Ryo (ARCS Team),ameri630,https://t.me/ameri630,UserStatusLastWeek(),Coin Sahb (Never Pm First),Meer4me,https://t.me/Meer4me,UserStatusRecently(),Manager,manager_1227,https://t.me/manager_1227,UserStatusLastWeek(),Ryohei(Ray) Osaka,ryoheiosaka,https://t.me/ryoheiosaka,UserStatusRecently(),Yuki Katayama,yukikatayama,https://t.me/yukikatayama,UserStatusRecently(),Kunihiro Katsuragi,Kuni_95,https://t.me/Kuni_95,UserStatusRecently(),N.,nmk1234,https://t.me/nmk1234,UserStatusLastMonth(),Yoshikazu Abe,abeyoshi,https://t.me/abeyoshi,,,,,,,,,,,,,,,,,,,,,,,,,,,,,,,,,,,,,,,,,,,,,,,,,,,,,,,,,,,,,,,,,,,,,,,,,
CoinTelegraph,Buying.com Approved to Trade on OpenFinance; Launches Mobile App,https://t.me/buyingcom,Buying.com,True,Thomas H.,BuyingAdministrator,https://t.me/BuyingAdministrator,UserStatusRecently(),Buying Admin Mount Arlington NJ Corporate Center,BuyingProjectManager,https://t.me/BuyingProjectManager,UserStatusRecently(),,,,,,,,,,,,,,,,,,,,,,,,,,,,,,,,,,,,,,,,,,,,,,,,,,,,,,,,,,,,,,,,,,,,,,,,,,,,,,,,,,,,,,,,,,,,,,,,,,,,,,,,,,,,
CoinTelegraph,"CoinDeal Available in 13 US States, Including Its Own CDL Token Market",https://t.me/coindeal_com,CoinDeal Global,True,Talha üá©üá™üáπüá∑,talha789,https://t.me/talha789,UserStatusRecently(),Justine Hurkala,jvstyna,https://t.me/jvstyna,UserStatusRecently(),Cloud CDL Supporter,CloudOfficial,https://t.me/CloudOfficial,UserStatusRecently(),Adam Bicz,icyklop,https://t.me/icyklop,UserStatusRecently(),Kajetan Mackowiak,kajtek71,https://t.me/kajtek71,UserStatusLastWeek(),CoinDeal,coindealcom,https://t.me/coindealcom,,,,,,,,,,,,,,,,,,,,,,,,,,,,,,,,,,,,,,,,,,,,,,,,,,,,,,,,,,,,,,,,,,,,,,,,,,,,,,,,,,,,,,,,,,,,,
CoinTelegraph,Four Valuable Reasons to Attend CGC,https://t.me/cgc_one,CGC | Cutting-edge Games Conference üöÄ,True,Pavel,r2v4n,https://t.me/r2v4n,UserStatusRecently(),Mary Yakovleva,mary1yakovleva,https://t.me/mary1yakovleva,UserStatusRecently(),CGC,z_tasha,https://t.me/z_tasha,UserStatusRecently(),Andriy Sharanevych,orbgames,https://t.me/orbgames,UserStatusRecently(),,,,,,,,,,,,,,,,,,,,,,,,,,,,,,,,,,,,,,,,,,,,,,,,,,,,,,,,,,,,,,,,,,,,,,,,,,,,,,,,,,,,,,,,,,,,,,,,,,,,
CoinTelegraph,ZVC Official MainNet Launch - New DeFi Economy Is Here,https://t.me/ZVChain_Official,ZVChain Official Group,True,0x,zilguid,https://t.me/zilguid,UserStatusRecently(),Phuoc - [ A 1 0 ],PhuocHofu,https://t.me/PhuocHofu,UserStatusRecently(),,,,,,,,,,,,,,,,,,,,,,,,,,,,,,,,,,,,,,,,,,,,,,,,,,,,,,,,,,,,,,,,,,,,,,,,,,,,,,,,,,,,,,,,,,,,,,,,,,,,,,,,,,,,
CoinTelegraph,CoinMarketCap Announces Its First-ever Large Scale Conference,https://t.me/CoinMarketCap,CoinMarketCap English,True,Damien (Îã§ÎØ∏) Kim,Damienkim,https://t.me/Damienkim,UserStatusRecently(),HM S,Ssonhm,https://t.me/Ssonhm,UserStatusRecently(),Min Park,minpark314,https://t.me/minpark314,UserStatusRecently(),Christy,exittheworld,https://t.me/exittheworld,UserStatusRecently(),Wil,WilbertD,https://t.me/WilbertD,UserStatusRecently(),Shaun Heng,shaunhengcj,https://t.me/shaunhengcj,UserStatusRecently(),CryptoVigilante,RealCryptoV,https://t.me/RealCryptoV,UserStatusRecently(),Crypto Professor üë®üèª‚Äçüíª I will never dm you for funds. Beware of scammers.,crypto_professor007,https://t.me/crypto_professor007,UserStatusRecently(),ChiNgad0r,ChiNgad0r,https://t.me/ChiNgad0r,UserStatusRecently(),CoinMarketCapAdmin (CoinMarketCap listings are FREE!),coinmarketcapadmin,https://t.me/coinmarketcapadmin,UserStatusRecently(),Iruwen,Iruwen,https://t.me/Iruwen,UserStatusRecently(),Eren Coup,aaronseaemcee,https://t.me/aaronseaemcee,UserStatusRecently(),,,,,,,,,,,,,,,,,,,,,,,,,,,,,,,,,,,,,,,,,,,,,,,,,,,,,,,,,,,,,,,,,,,,
CoinTelegraph,Changelly and Infinito Launching Promo to Mark Complete API Integration,https://t.me/infinitowallet,Infinito üåé,True,Phuong Anh | Infinito,phuonganh88889,https://t.me/phuonganh88889,UserStatusRecently(),Nhu Lam,erin_lam,https://t.me/erin_lam,UserStatusLastWeek(),,,,,,,,,,,,,,,,,,,,,,,,,,,,,,,,,,,,,,,,,,,,,,,,,,,,,,,,,,,,,,,,,,,,,,,,,,,,,,,,,,,,,,,,,,,,,,,,,,,,,,,,,,,,
CoinTelegraph,Margin.cryptorg.net Is a Platform for Automated Trading on BitMEX Exchange,https://t.me/cryptorg_bitmex,Cryptorg Bitmex,True,Uncle Bance,UncleBance,https://t.me/UncleBance,UserStatusRecently(),Ivan T.,molotoksoftware,https://t.me/molotoksoftware,UserStatusRecently(),,,,,,,,,,,,,,,,,,,,,,,,,,,,,,,,,,,,,,,,,,,,,,,,,,,,,,,,,,,,,,,,,,,,,,,,,,,,,,,,,,,,,,,,,,,,,,,,,,,,,,,,,,,,
CoinTelegraph,BitMax.io (BTMX.com) Announces Listing of HPB,https://t.me/hpbglobal,HPB Global,True,Yana Bin Tasdik,Owner_CryptoZoneChannel,https://t.me/Owner_CryptoZoneChannel,UserStatusRecently(),Teasung Tian,tteasung,https://t.me/tteasung,UserStatusRecently(),Dan V,dvello,https://t.me/dvello,UserStatusRecently(),Fay Lee,faykiwi,https://t.me/faykiwi,UserStatusRecently(),Hao Ni,Hao_Ni,https://t.me/Hao_Ni,UserStatusLastMonth(),Gordon Glass,gordonglass,https://t.me/gordonglass,UserStatusRecently(),mike | I do not PM first,sdmike,https://t.me/sdmike,UserStatusRecently(),Mark,MarkComcare,https://t.me/MarkComcare,UserStatusRecently(),Juul,juul134,https://t.me/juul134,UserStatusRecently(),Jesse,Yoda_blockchain,https://t.me/Yoda_blockchain,UserStatusRecently(),Jason Hu,Jason_HPB,https://t.me/Jason_HPB,UserStatusRecently(),Xiaoming Wang,lvxing,https://t.me/lvxing,UserStatusLastMonth(),EmmaZxy,emmazxy,https://t.me/emmazxy,UserStatusRecently(),,,,,,,,,,,,,,,,,,,,,,,,,,,,,,,,,,,,,,,,,,,,,,,,,,,,,,,,,,,,,,,,
CoinTelegraph,CGC Kyiv 2019 - Largest Blockchain Gaming Conference Announced,https://t.me/cgc_one,CGC | Cutting-edge Games Conference üöÄ,True,Pavel,r2v4n,https://t.me/r2v4n,UserStatusRecently(),Mary Yakovleva,mary1yakovleva,https://t.me/mary1yakovleva,UserStatusRecently(),CGC,z_tasha,https://t.me/z_tasha,UserStatusRecently(),Andriy Sharanevych,orbgames,https://t.me/orbgames,UserStatusRecently(),,,,,,,,,,,,,,,,,,,,,,,,,,,,,,,,,,,,,,,,,,,,,,,,,,,,,,,,,,,,,,,,,,,,,,,,,,,,,,,,,,,,,,,,,,,,,,,,,,,,
CoinTelegraph,Infinito and Changelly Present The Ultimate Instant Exchange Solution,https://t.me/infinitowallet,Infinito üåé,True,Phuong Anh | Infinito,phuonganh88889,https://t.me/phuonganh88889,UserStatusRecently(),Nhu Lam,erin_lam,https://t.me/erin_lam,UserStatusLastWeek(),,,,,,,,,,,,,,,,,,,,,,,,,,,,,,,,,,,,,,,,,,,,,,,,,,,,,,,,,,,,,,,,,,,,,,,,,,,,,,,,,,,,,,,,,,,,,,,,,,,,,,,,,,,,
CoinTelegraph,"The 2nd Graphene Blockchain DevCon Will Be Held in Shanghai, July 6th-7th",https://t.me/GrapheneDevCon,GrapheneDevCon,True,Jademont(Y.Z),jademont,https://t.me/jademont,UserStatusRecently(),Stefan,sschiessl,https://t.me/sschiessl,UserStatusRecently(),,,,,,,,,,,,,,,,,,,,,,,,,,,,,,,,,,,,,,,,,,,,,,,,,,,,,,,,,,,,,,,,,,,,,,,,,,,,,,,,,,,,,,,,,,,,,,,,,,,,,,,,,,,,
CoinTelegraph,Low-Key Loud MoveÔºöWaykiChain TPS 3200 Things to Know About WaykiChain Public Chain Breakthroughs,https://t.me/wiccofficial,Waykichain/WICC Official. A world leading blockchain and DeFi ecosystem,True,keso,keso1296,https://t.me/keso1296,UserStatusRecently(),Cai Melo,MeloCai,https://t.me/MeloCai,UserStatusRecently(),Tina Xue,cryptodog12,https://t.me/cryptodog12,UserStatusRecently(),Diego,qwe0701,https://t.me/qwe0701,UserStatusLastMonth(),Mohammad Taghian,mt_7997,https://t.me/mt_7997,UserStatusRecently(),CEO of WaykiChain - Gordon,WaykiChainGordonGao,https://t.me/WaykiChainGordonGao,UserStatusLastMonth(),VŒπŒ∑cŒµŒ∑—Ç J. Lionheart,Vincent_Lionheart,https://t.me/Vincent_Lionheart,UserStatusRecently(),,,,,,,,,,,,,,,,,,,,,,,,,,,,,,,,,,,,,,,,,,,,,,,,,,,,,,,,,,,,,,,,,,,,,,,,,,,,,,,,,,,,,,,,
CoinTelegraph,"Liquid.com Unveils Liquid Pro, a Mobile App For Pro Crypto Traders",https://t.me/Quoine,Liquid Exchange,True,Sky,Iskyrock,https://t.me/Iskyrock,UserStatusRecently(),,,,,,,,,,,,,,,,,,,,,,,,,,,,,,,,,,,,,,,,,,,,,,,,,,,,,,,,,,,,,,,,,,,,,,,,,,,,,,,,,,,,,,,,,,,,,,,,,,,,,,,,,,,,,,,,
CoinTelegraph,Xeonbit Announces Application to List Asset Xeonbit Token (XNS) And Submit Proposal Listing on Binance DEX,https://t.me/xeonbitgroup,Xeonbit Community,True,Danniel $XNB - $XNS,dannielxnb,https://t.me/dannielxnb,UserStatusRecently(),FuXin Tang,tangshifu,https://t.me/tangshifu,UserStatusRecently(),Daniel üéñ,Danny73327,https://t.me/Danny73327,UserStatusRecently(),Johnson,Johnsongarbier,https://t.me/Johnsongarbier,UserStatusRecently(),kideok yoon,yoonkideok,https://t.me/yoonkideok,UserStatusRecently(),nikolas b.,nikolasbee,https://t.me/nikolasbee,UserStatusRecently(),Devan xeonbit.com,devanscott,https://t.me/devanscott,UserStatusRecently(),Gari,garidien,https://t.me/garidien,UserStatusRecently(),Louis Hillton,louishillton,https://t.me/louishillton,UserStatusRecently(),Edwin Kinoti,Kinoti_E,https://t.me/Kinoti_E,UserStatusRecently(),,,,,,,,,,,,,,,,,,,,,,,,,,,,,,,,,,,,,,,,,,,,,,,,,,,,,,,,,,,,,,,,,,,,,,,,,,,,
CoinTelegraph,Industry Leader Infinito to Issue Infinito Points with Community-chosen Benefits,https://t.me/infinitowallet,Infinito üåé,True,Phuong Anh | Infinito,phuonganh88889,https://t.me/phuonganh88889,UserStatusRecently(),Nhu Lam,erin_lam,https://t.me/erin_lam,UserStatusLastWeek(),,,,,,,,,,,,,,,,,,,,,,,,,,,,,,,,,,,,,,,,,,,,,,,,,,,,,,,,,,,,,,,,,,,,,,,,,,,,,,,,,,,,,,,,,,,,,,,,,,,,,,,,,,,,
CoinTelegraph,Telos: The On-ramp to Third-generation Blockchain,https://t.me/hellotelos,Telos Community,True,Mr.M | BSCasino | B.Boys.Club BBC,Gori11apes,https://t.me/Gori11apes,UserStatusRecently(),Lliam Buckley | Telos Foundation (SEO & Content Creation),lliambuckley,https://t.me/lliambuckley,UserStatusRecently(),BBthread,BBthread,https://t.me/BBthread,UserStatusRecently(),Beth F,GBBeth,https://t.me/GBBeth,,Jesse - CalEOS.io (caleosblocks),foflexity,https://t.me/foflexity,UserStatusRecently(),Justin | infinitybloc.io | Telos Foundation,Infinityblocio,https://t.me/Infinityblocio,UserStatusRecently(),J.T. | KainosBP (kainosblkpro),HartParr,https://t.me/HartParr,UserStatusRecently(),Fycee,fycee,https://t.me/fycee,UserStatusRecently(),Summerskin,summerskin,https://t.me/summerskin,UserStatusRecently(),Crypto Feez,cryptofeez,https://t.me/cryptofeez,UserStatusRecently(),Bookoons,Bookoons,https://t.me/Bookoons,UserStatusRecently(),‚úçüèº SÕûÃöÕ†ÃìÃ¶Ã∞ÕüÃªtÃõÃõÃúÕáeÕùÃçÕòÃåÕú Ã§ÃñlÃÅÃìÃûÃπlÃΩÃàÃãÕãÃªÃóÃ±ÕáaÃÖÃíÃÄ ÕëÕúÕîÕöÃ¢Ã∞,stellabelle,https://t.me/stellabelle,,Sukesh Tedla (TelosGreen | WAXGalaxy | Unbiased),sukeshtedla,https://t.me/sukeshtedla,UserStatusRecently(),Ryan J | Teleology.üîµne | Prepare the multisig | üéâüéä,ryanlj,https://t.me/ryanlj,UserStatusRecently(),Suvi üá´üáÆ,suvirink,https://t.me/suvirink,UserStatusRecently(),Q - TelosGlobal,kquainta,https://t.me/kquainta,UserStatusRecently(),Syed Mahdi | Xpell.io | AreaXNFT.com,Parsieos,https://t.me/Parsieos,UserStatusRecently(),Marlon,qubicles,https://t.me/qubicles,UserStatusRecently(),Peter | GoodBlock.io,peterbue,https://t.me/peterbue,,Ed Silva,eedsilva,https://t.me/eedsilva,UserStatusRecently(),"Douglas Horn - GoodBlock, Telos, dStor, ‚àâthic",DAPPerD,https://t.me/DAPPerD,UserStatusRecently(),,,,,,,,,,,,,,,,,,,,,,,,,,,,,,,,
CoinTelegraph,UCIM Pitcher Perfect to Welcome Top Investors and Projects in Singapore,https://t.me/UCIMIO,UCIMofficial,True,Apoorv Gupta (CAPHIQ),iamapoorvgupta,https://t.me/iamapoorvgupta,UserStatusRecently(),Deepti Rawat,Deepti_1,https://t.me/Deepti_1,UserStatusRecently(),Shaik,Shakss1,https://t.me/Shakss1,UserStatusRecently(),,,,,,,,,,,,,,,,,,,,,,,,,,,,,,,,,,,,,,,,,,,,,,,,,,,,,,,,,,,,,,,,,,,,,,,,,,,,,,,,,,,,,,,,,,,,,,,,,,,,,,,,
CoinTelegraph,Singapore Hosts the Worldwide Crypto Forum - Blockchain Life 2019,https://t.me/blockchainlife,"Blockchain Life 2021 | 21-22 April, Moscow",True,–î–∞–Ω–∏–ª,DanilGaidamakin,https://t.me/DanilGaidamakin,UserStatusRecently(),–ü–∞–≤–µ–ª –î—Ä—É—à,pvldrsh,https://t.me/pvldrsh,UserStatusRecently(),Irina,ir1nas,https://t.me/ir1nas,UserStatusRecently(),Max | Blockchain Life,BL21_Max,https://t.me/BL21_Max,UserStatusRecently(),Sergei Khitrov,serkhitrov,https://t.me/serkhitrov,UserStatusRecently(),Arsenii,arsmario,https://t.me/arsmario,UserStatusRecently(),Artem |,artquai,https://t.me/artquai,UserStatusRecently(),,,,,,,,,,,,,,,,,,,,,,,,,,,,,,,,,,,,,,,,,,,,,,,,,,,,,,,,,,,,,,,,,,,,,,,,,,,,,,,,,,,,,,,,
CoinTelegraph,"Paris Blockchain Week Summit, the First International Conference Held in France Dedicated to the Professionals of Blockchain and Crypto-Assets",https://t.me/pbwsummit,Paris Blockchain Week Summit,True,Abhi PBWS,abhiPBWS,https://t.me/abhiPBWS,UserStatusRecently(),Jessica PBWS,JessicaPBWS,https://t.me/JessicaPBWS,UserStatusRecently(),Jeremy,jeremsim,https://t.me/jeremsim,UserStatusRecently(),Zar√© Woorton,Zare_woorton,https://t.me/Zare_woorton,UserStatusRecently(),Charlie Woorton,Charlielmero,https://t.me/Charlielmero,UserStatusRecently(),Karim Sabba,Karim_Woorton,https://t.me/Karim_Woorton,UserStatusRecently(),Michael AMAR,amarmic,https://t.me/amarmic,UserStatusRecently(),,,,,,,,,,,,,,,,,,,,,,,,,,,,,,,,,,,,,,,,,,,,,,,,,,,,,,,,,,,,,,,,,,,,,,,,,,,,,,,,,,,,,,,,
CoinTelegraph,"Paris Blockchain Week Summit, the First International Conference Held in France Dedicated to the Professionals of Blockchain and Crypto-Assets",https://t.me/parisblockchainweek,Paris Blockchain Week,True,Jessica PBWS,JessicaPBWS,https://t.me/JessicaPBWS,UserStatusRecently(),Jeremy,jeremsim,https://t.me/jeremsim,UserStatusRecently(),Lea Vaysse,leavaysse_pbws,https://t.me/leavaysse_pbws,UserStatusRecently(),Zar√© Woorton,Zare_woorton,https://t.me/Zare_woorton,UserStatusRecently(),Charlie Woorton,Charlielmero,https://t.me/Charlielmero,UserStatusRecently(),Karim Sabba,Karim_Woorton,https://t.me/Karim_Woorton,UserStatusRecently(),Michael AMAR,amarmic,https://t.me/amarmic,UserStatusRecently(),,,,,,,,,,,,,,,,,,,,,,,,,,,,,,,,,,,,,,,,,,,,,,,,,,,,,,,,,,,,,,,,,,,,,,,,,,,,,,,,,,,,,,,,
CoinTelegraph,"Official Launch of Liquid, a New Crypto Platform Opening Up Liquidity for Crypto Markets Worldwide",https://t.me/Quoine,Liquid Exchange,True,Sky,Iskyrock,https://t.me/Iskyrock,UserStatusRecently(),,,,,,,,,,,,,,,,,,,,,,,,,,,,,,,,,,,,,,,,,,,,,,,,,,,,,,,,,,,,,,,,,,,,,,,,,,,,,,,,,,,,,,,,,,,,,,,,,,,,,,,,,,,,,,,,
